Name,Overs,Maiden,Runs,Wicket,No Balls,Wides,Economy,Team,Date
Tirumalsetti Suman,1,0,16,0,1,0,16.00,Deccan Chargers,2010-03-12
Andrew Symonds,4,0,26,0,0,2,6.50,Deccan Chargers,2010-03-12
Jaskaran Singh,4,0,35,1,0,1,8.75,Deccan Chargers,2010-03-12
Pragyan Ojha,4,0,19,0,0,0,4.75,Deccan Chargers,2010-03-12
RP Singh,4,0,35,1,0,3,8.75,Deccan Chargers,2010-03-12
Chaminda Vaas,3,1,22,2,0,0,7.33,Deccan Chargers,2010-03-12
Brad Hodge,2,0,14,1,0,0,7.00,Kolkata Knight Riders,2010-03-12
Angelo Mathews,4,0,27,1,1,1,6.75,Kolkata Knight Riders,2010-03-12
Murali Kartik,3,0,17,1,0,0,5.67,Kolkata Knight Riders,2010-03-12
Laxmi Shukla,3,0,30,1,0,0,10.00,Kolkata Knight Riders,2010-03-12
Ishant Sharma,4,0,31,1,1,1,7.75,Kolkata Knight Riders,2010-03-12
Charl Langeveldt,4,0,26,2,0,3,6.50,Kolkata Knight Riders,2010-03-12
Shane Warne,3,0,29,0,0,1,9.67,Rajasthan Royals,2010-03-13
Abhishek Jhunjhunwala,2,0,27,0,0,0,13.50,Rajasthan Royals,2010-03-13
Yusuf Pathan,2,0,22,0,0,0,11.00,Rajasthan Royals,2010-03-13
Amit Uniyal,4,0,41,2,0,2,10.25,Rajasthan Royals,2010-03-13
Dimitri Mascarenhas,4,0,34,2,0,0,8.50,Rajasthan Royals,2010-03-13
Kamran Khan,1,0,10,0,0,0,10.00,Rajasthan Royals,2010-03-13
Shaun Tait,4,0,46,1,0,6,11.50,Rajasthan Royals,2010-03-13
Zaheer Khan,4,0,27,0,0,1,6.75,Mumbai Indians,2010-03-13
Ryan McLaren,4,0,43,0,0,2,10.75,Mumbai Indians,2010-03-13
Lasith Malinga,4,0,22,2,0,1,5.50,Mumbai Indians,2010-03-13
Ali Murtaza,4,0,46,1,0,0,11.50,Mumbai Indians,2010-03-13
Rajagopal Sathish,3,0,51,1,0,1,17.00,Mumbai Indians,2010-03-13
Sanath Jayasuriya,1,0,19,0,0,0,19.00,Mumbai Indians,2010-03-13
Yo Mahesh,3,0,23,1,0,1,7.67,Delhi Daredevils,2010-03-13
Pradeep Sangwan,4,0,32,1,0,0,8.00,Delhi Daredevils,2010-03-13
Amit Mishra,4,0,23,1,0,0,5.75,Delhi Daredevils,2010-03-13
Dirk Nannes,4,0,12,2,0,2,3.00,Delhi Daredevils,2010-03-13
Farveez Maharoof,4,0,37,2,0,2,9.25,Delhi Daredevils,2010-03-13
Tillakaratne Dilshan,1,0,7,1,0,0,7.00,Delhi Daredevils,2010-03-13
Yuvraj Singh,3,0,11,0,0,0,3.67,Kings XI Punjab,2010-03-13
Piyush Chawla,4,0,33,0,0,0,8.25,Kings XI Punjab,2010-03-13
Ramesh Powar,1,0,16,0,0,0,16.00,Kings XI Punjab,2010-03-13
Irfan Pathan,3.5,0,27,1,0,2,7.71,Kings XI Punjab,2010-03-13
Yusuf Abdulla,4,0,30,1,0,0,7.50,Kings XI Punjab,2010-03-13
S Sreesanth,4,0,24,2,0,0,6.00,Kings XI Punjab,2010-03-13
Brad Hodge,1,0,11,0,0,0,11.00,Kolkata Knight Riders,2010-03-14
Sourav Ganguly,2,0,18,0,0,0,9.00,Kolkata Knight Riders,2010-03-14
Murali Kartik,4,0,22,2,1,0,5.50,Kolkata Knight Riders,2010-03-14
Angelo Mathews,4,0,19,4,0,0,4.75,Kolkata Knight Riders,2010-03-14
Charl Langeveldt,4,0,27,1,0,0,6.75,Kolkata Knight Riders,2010-03-14
Ishant Sharma,4,0,27,0,0,1,6.75,Kolkata Knight Riders,2010-03-14
Rohan Gavaskar,1,0,8,0,0,0,8.00,Kolkata Knight Riders,2010-03-14
Virat Kohli,0.2,0,1,0,0,0,5.00,Royal Challengers Bangalore,2010-03-14
Praveen Kumar,4,0,16,1,0,0,4.00,Royal Challengers Bangalore,2010-03-14
Anil Kumble,4,0,19,0,0,0,4.75,Royal Challengers Bangalore,2010-03-14
Roelof van der Merwe,4,0,27,2,0,3,6.75,Royal Challengers Bangalore,2010-03-14
Dale Steyn,4,0,38,0,0,2,9.50,Royal Challengers Bangalore,2010-03-14
Jacques Kallis,3,0,34,0,0,0,11.33,Royal Challengers Bangalore,2010-03-14
Justin Kemp,2.1,0,15,0,0,1,7.14,Chennai Super Kings,2010-03-14
Lakshmipathy Balaji,4,0,36,0,0,1,9.00,Chennai Super Kings,2010-03-14
Muttiah Muralitharan,4,0,28,0,0,4,7.00,Chennai Super Kings,2010-03-14
Albie Morkel,4,0,41,0,0,1,10.25,Chennai Super Kings,2010-03-14
Ravichandran Ashwin,4,0,26,1,0,2,6.50,Chennai Super Kings,2010-03-14
Sudeep Tyagi,1.5,0,39,0,2,0,26.00,Chennai Super Kings,2010-03-14
Tirumalsetti Suman,1,0,8,0,0,0,8.00,Deccan Chargers,2010-03-14
Andrew Symonds,3,0,29,2,0,0,9.67,Deccan Chargers,2010-03-14
Jaskaran Singh,1,0,16,0,0,1,16.00,Deccan Chargers,2010-03-14
RP Singh,3,0,30,1,0,2,10.00,Deccan Chargers,2010-03-14
Pragyan Ojha,4,0,28,2,0,0,7.00,Deccan Chargers,2010-03-14
Rohit Sharma,4,0,27,1,0,0,6.75,Deccan Chargers,2010-03-14
Chaminda Vaas,4,1,21,3,0,0,5.25,Deccan Chargers,2010-03-14
Sarabjit Ladda,4,0,28,0,0,1,7.00,Delhi Daredevils,2010-03-15
Dirk Nannes,4,0,27,1,0,1,6.75,Delhi Daredevils,2010-03-15
Pradeep Sangwan,4,0,20,1,0,2,5.00,Delhi Daredevils,2010-03-15
Amit Mishra,4,0,34,1,0,0,8.50,Delhi Daredevils,2010-03-15
Farveez Maharoof,4,0,32,1,0,1,8.00,Delhi Daredevils,2010-03-15
Abhishek Jhunjhunwala,0.1,0,2,0,0,0,20.00,Rajasthan Royals,2010-03-15
Shane Warne,4,0,22,1,0,0,5.50,Rajasthan Royals,2010-03-15
Dimitri Mascarenhas,4,0,31,2,0,0,7.75,Rajasthan Royals,2010-03-15
Amit Uniyal,2,0,25,0,0,0,12.50,Rajasthan Royals,2010-03-15
Munaf Patel,3,0,32,1,0,0,10.67,Rajasthan Royals,2010-03-15
Shaun Tait,4,0,26,0,0,4,6.50,Rajasthan Royals,2010-03-15
Virat Kohli,2,0,23,0,1,0,11.50,Royal Challengers Bangalore,2010-03-16
Vinay Kumar,2,0,19,0,0,1,9.50,Royal Challengers Bangalore,2010-03-16
Jacques Kallis,4,0,39,1,0,1,9.75,Royal Challengers Bangalore,2010-03-16
Praveen Kumar,4,0,43,1,0,4,10.75,Royal Challengers Bangalore,2010-03-16
Dale Steyn,4,0,36,1,0,2,9.00,Royal Challengers Bangalore,2010-03-16
Anil Kumble,4,0,40,0,0,1,10.00,Royal Challengers Bangalore,2010-03-16
Ravi Bopara,2,0,17,0,0,0,8.50,Kings XI Punjab,2010-03-16
Bipul Sharma,3,0,37,1,0,0,12.33,Kings XI Punjab,2010-03-16
Piyush Chawla,3,0,20,1,0,0,6.67,Kings XI Punjab,2010-03-16
Yusuf Abdulla,2.5,0,36,0,0,1,14.40,Kings XI Punjab,2010-03-16
Yuvraj Singh,2,0,18,0,0,0,9.00,Kings XI Punjab,2010-03-16
Irfan Pathan,3,0,33,0,0,0,11.00,Kings XI Punjab,2010-03-16
S Sreesanth,3,0,42,0,1,3,14.00,Kings XI Punjab,2010-03-16
Brad Hodge,1,0,4,1,0,0,4.00,Kolkata Knight Riders,2010-03-16
Murali Kartik,4,0,21,0,0,1,5.25,Kolkata Knight Riders,2010-03-16
Laxmi Shukla,4,0,37,1,0,0,9.25,Kolkata Knight Riders,2010-03-16
Angelo Mathews,3,0,29,0,0,0,9.67,Kolkata Knight Riders,2010-03-16
Ishant Sharma,4,0,38,1,0,0,9.50,Kolkata Knight Riders,2010-03-16
Shane Bond,4,0,33,0,0,0,8.25,Kolkata Knight Riders,2010-03-16
Suresh Raina,1,0,6,0,0,0,6.00,Chennai Super Kings,2010-03-16
Ravichandran Ashwin,4,0,22,1,0,0,5.50,Chennai Super Kings,2010-03-16
Justin Kemp,3,0,12,3,0,1,4.00,Chennai Super Kings,2010-03-16
Manpreet Gony,3,0,33,1,0,0,11.00,Chennai Super Kings,2010-03-16
Muttiah Muralitharan,4,0,16,1,0,1,4.00,Chennai Super Kings,2010-03-16
Lakshmipathy Balaji,2.2,0,9,2,0,0,4.09,Chennai Super Kings,2010-03-16
Albie Morkel,2,1,6,1,0,1,3.00,Chennai Super Kings,2010-03-16
Amit Mishra,4,0,44,1,0,1,11.00,Delhi Daredevils,2010-03-17
Sarabjit Ladda,4,0,44,2,0,0,11.00,Delhi Daredevils,2010-03-17
Pradeep Sangwan,4,0,41,1,0,2,10.25,Delhi Daredevils,2010-03-17
Farveez Maharoof,4,0,50,2,1,1,12.50,Delhi Daredevils,2010-03-17
Dirk Nannes,4,0,35,0,1,1,8.75,Delhi Daredevils,2010-03-17
Harbhajan Singh,2.3,0,23,2,0,1,10.00,Mumbai Indians,2010-03-17
Kieron Pollard,4,0,24,1,0,1,6.00,Mumbai Indians,2010-03-17
Dwayne Bravo,2,0,11,2,0,0,5.50,Mumbai Indians,2010-03-17
Sanath Jayasuriya,4,0,17,2,0,1,4.25,Mumbai Indians,2010-03-17
Lasith Malinga,2,0,22,1,0,1,11.00,Mumbai Indians,2010-03-17
Zaheer Khan,2,0,20,0,0,0,10.00,Mumbai Indians,2010-03-17
Anil Kumble,3.5,0,9,3,0,0,2.57,Royal Challengers Bangalore,2010-03-18
Jacques Kallis,4,0,20,2,1,1,5.00,Royal Challengers Bangalore,2010-03-18
Vinay Kumar,4,0,25,0,0,0,6.25,Royal Challengers Bangalore,2010-03-18
Dale Steyn,4,0,18,0,0,1,4.50,Royal Challengers Bangalore,2010-03-18
Praveen Kumar,4,0,18,3,0,2,4.50,Royal Challengers Bangalore,2010-03-18
Muttiah Muralitharan,4,0,25,2,0,2,6.25,Chennai Super Kings,2010-03-19
Justin Kemp,1,0,14,0,0,0,14.00,Chennai Super Kings,2010-03-19
Lakshmipathy Balaji,3,0,21,2,0,0,7.00,Chennai Super Kings,2010-03-19
Joginder Sharma,4,0,43,1,1,0,10.75,Chennai Super Kings,2010-03-19
Ravichandran Ashwin,4,0,40,1,0,1,10.00,Chennai Super Kings,2010-03-19
Albie Morkel,3,0,26,0,0,1,8.67,Chennai Super Kings,2010-03-19
Suresh Raina,1,0,12,0,0,0,12.00,Chennai Super Kings,2010-03-19
Tillakaratne Dilshan,2.1,0,30,1,0,0,14.29,Delhi Daredevils,2010-03-19
Amit Mishra,3,0,25,1,0,3,8.33,Delhi Daredevils,2010-03-19
Dirk Nannes,4,0,18,1,0,3,4.50,Delhi Daredevils,2010-03-19
Rajat Bhatia,2,0,31,0,0,0,15.50,Delhi Daredevils,2010-03-19
Pradeep Sangwan,4,0,46,0,0,0,11.50,Delhi Daredevils,2010-03-19
Umesh Yadav,4,0,38,1,0,2,9.50,Delhi Daredevils,2010-03-19
Yuvraj Singh,4,0,21,2,0,0,5.25,Kings XI Punjab,2010-03-19
Bipul Sharma,2,0,19,1,0,0,9.50,Kings XI Punjab,2010-03-19
Piyush Chawla,3,0,24,0,0,0,8.00,Kings XI Punjab,2010-03-19
Irfan Pathan,3,0,16,1,0,0,5.33,Kings XI Punjab,2010-03-19
Shalabh Srivastava,4,0,39,1,0,0,9.75,Kings XI Punjab,2010-03-19
S Sreesanth,4,0,51,0,0,1,12.75,Kings XI Punjab,2010-03-19
Pragyan Ojha,4,0,31,1,0,0,7.75,Deccan Chargers,2010-03-19
Andrew Symonds,4,0,22,1,0,0,5.50,Deccan Chargers,2010-03-19
Jaskaran Singh,1,0,12,1,0,0,12.00,Deccan Chargers,2010-03-19
RP Singh,4,0,43,1,0,1,10.75,Deccan Chargers,2010-03-19
Rohit Sharma,3,0,19,1,0,0,6.33,Deccan Chargers,2010-03-19
Chaminda Vaas,4,0,27,2,0,1,6.75,Deccan Chargers,2010-03-19
Brad Hodge,1,0,12,0,0,0,12.00,Kolkata Knight Riders,2010-03-20
Murali Kartik,4,0,25,0,0,1,6.25,Kolkata Knight Riders,2010-03-20
Angelo Mathews,3,0,33,0,0,0,11.00,Kolkata Knight Riders,2010-03-20
Shane Bond,4,0,32,2,0,0,8.00,Kolkata Knight Riders,2010-03-20
Ishant Sharma,4,0,33,2,0,2,8.25,Kolkata Knight Riders,2010-03-20
Ashok Dinda,4,0,28,2,0,0,7.00,Kolkata Knight Riders,2010-03-20
Adam Voges,1,0,5,0,0,0,5.00,Rajasthan Royals,2010-03-20
Siddharth Trivedi,4,0,26,1,0,0,6.50,Rajasthan Royals,2010-03-20
Shane Warne,4,0,27,0,0,0,6.75,Rajasthan Royals,2010-03-20
Munaf Patel,3,0,20,1,0,0,6.67,Rajasthan Royals,2010-03-20
Shaun Tait,4,0,29,0,0,1,7.25,Rajasthan Royals,2010-03-20
Yusuf Pathan,4,0,23,2,0,0,5.75,Rajasthan Royals,2010-03-20
Anil Kumble,4,0,18,1,0,0,4.50,Royal Challengers Bangalore,2010-03-20
Vinay Kumar,4,0,25,3,0,0,6.25,Royal Challengers Bangalore,2010-03-20
Jacques Kallis,4,0,35,1,0,0,8.75,Royal Challengers Bangalore,2010-03-20
Dale Steyn,4,0,26,3,0,3,6.50,Royal Challengers Bangalore,2010-03-20
Praveen Kumar,4,0,37,1,0,1,9.25,Royal Challengers Bangalore,2010-03-20
Sanath Jayasuriya,2,0,16,0,0,0,8.00,Mumbai Indians,2010-03-20
Harbhajan Singh,4,0,35,1,0,0,8.75,Mumbai Indians,2010-03-20
Kieron Pollard,2,0,24,0,0,0,12.00,Mumbai Indians,2010-03-20
Dwayne Bravo,3.1,0,35,0,0,0,11.29,Mumbai Indians,2010-03-20
Lasith Malinga,4,0,25,0,0,0,6.25,Mumbai Indians,2010-03-20
Zaheer Khan,4,0,18,1,0,0,4.50,Mumbai Indians,2010-03-20
Moises Henriques,4,0,35,1,0,0,8.75,Delhi Daredevils,2010-03-21
Umesh Yadav,4,0,36,0,0,0,9.00,Delhi Daredevils,2010-03-21
Sarabjit Ladda,2,0,20,1,0,0,10.00,Delhi Daredevils,2010-03-21
Dirk Nannes,4,0,39,1,0,0,9.75,Delhi Daredevils,2010-03-21
Amit Mishra,3,0,12,1,1,0,4.00,Delhi Daredevils,2010-03-21
Yogesh Nagar,3,0,28,1,0,0,9.33,Delhi Daredevils,2010-03-21
Andrew Symonds,4,0,21,3,0,1,5.25,Deccan Chargers,2010-03-21
Rahul Sharma,4,0,42,2,0,0,10.50,Deccan Chargers,2010-03-21
Pragyan Ojha,4,0,36,1,0,0,9.00,Deccan Chargers,2010-03-21
RP Singh,3,0,31,0,0,0,10.33,Deccan Chargers,2010-03-21
Rohit Sharma,1,0,7,0,0,0,7.00,Deccan Chargers,2010-03-21
Chaminda Vaas,4,0,21,1,0,0,5.25,Deccan Chargers,2010-03-21
Justin Kemp,0.1,0,1,0,0,1,10.00,Chennai Super Kings,2010-03-21
Lakshmipathy Balaji,4,0,29,1,0,1,7.25,Chennai Super Kings,2010-03-21
Ravichandran Ashwin,4,0,32,0,0,0,8.00,Chennai Super Kings,2010-03-21
Manpreet Gony,2,0,20,0,0,0,10.00,Chennai Super Kings,2010-03-21
Albie Morkel,4,0,23,2,0,0,5.75,Chennai Super Kings,2010-03-21
Suresh Raina,1.5,0,13,0,0,0,8.67,Chennai Super Kings,2010-03-21
Muttiah Muralitharan,4,0,16,3,0,0,4.00,Chennai Super Kings,2010-03-21
Yuvraj Singh,2,0,18,1,0,1,9.00,Kings XI Punjab,2010-03-21
Piyush Chawla,4,0,27,1,0,0,6.75,Kings XI Punjab,2010-03-21
Rusty Theron,4,0,17,2,0,3,4.25,Kings XI Punjab,2010-03-21
Shalabh Srivastava,3,0,25,0,0,2,8.33,Kings XI Punjab,2010-03-21
Ramesh Powar,4,0,22,1,1,0,5.50,Kings XI Punjab,2010-03-21
Irfan Pathan,3,0,22,1,0,1,7.33,Kings XI Punjab,2010-03-21
Harbhajan Singh,4,0,17,1,0,0,4.25,Mumbai Indians,2010-03-22
Dwayne Bravo,4,0,36,0,0,2,9.00,Mumbai Indians,2010-03-22
Ryan McLaren,4,0,38,0,0,2,9.50,Mumbai Indians,2010-03-22
Zaheer Khan,4,0,27,2,0,0,6.75,Mumbai Indians,2010-03-22
Lasith Malinga,4,0,28,0,0,2,7.00,Mumbai Indians,2010-03-22
Murali Kartik,4,0,21,1,0,0,5.25,Kolkata Knight Riders,2010-03-22
Angelo Mathews,3.3,0,29,0,0,1,8.79,Kolkata Knight Riders,2010-03-22
Chris Gayle,4,0,31,0,0,2,7.75,Kolkata Knight Riders,2010-03-22
Ishant Sharma,4,0,44,2,0,1,11.00,Kolkata Knight Riders,2010-03-22
Shane Bond,3,0,31,0,0,0,10.33,Kolkata Knight Riders,2010-03-22
Ravichandran Ashwin,4,0,40,0,0,0,10.00,Chennai Super Kings,2010-03-23
Muttiah Muralitharan,4,0,25,3,0,1,6.25,Chennai Super Kings,2010-03-23
Lakshmipathy Balaji,4,0,49,1,1,1,12.25,Chennai Super Kings,2010-03-23
Albie Morkel,4,0,28,1,0,0,7.00,Chennai Super Kings,2010-03-23
Sudeep Tyagi,4,0,19,0,0,1,4.75,Chennai Super Kings,2010-03-23
Praveen Kumar,4,0,21,1,0,2,5.25,Royal Challengers Bangalore,2010-03-23
Jacques Kallis,4,0,29,0,0,0,7.25,Royal Challengers Bangalore,2010-03-23
Vinay Kumar,4,0,40,4,0,1,10.00,Royal Challengers Bangalore,2010-03-23
Anil Kumble,4,0,15,1,0,0,3.75,Royal Challengers Bangalore,2010-03-23
Dale Steyn,4,0,25,0,0,3,6.25,Royal Challengers Bangalore,2010-03-23
Yuvraj Singh,1,0,12,0,0,0,12.00,Kings XI Punjab,2010-03-24
Piyush Chawla,4,0,29,1,0,0,7.25,Kings XI Punjab,2010-03-24
Rusty Theron,4,0,25,0,0,1,6.25,Kings XI Punjab,2010-03-24
S Sreesanth,3,0,20,1,2,1,6.67,Kings XI Punjab,2010-03-24
Shalabh Srivastava,4,0,49,1,0,3,12.25,Kings XI Punjab,2010-03-24
Irfan Pathan,4,0,45,0,0,0,11.25,Kings XI Punjab,2010-03-24
Adam Voges,2,0,12,0,0,0,6.00,Rajasthan Royals,2010-03-24
Siddharth Trivedi,4,0,25,2,1,1,6.25,Rajasthan Royals,2010-03-24
Shane Warne,4,0,39,1,0,1,9.75,Rajasthan Royals,2010-03-24
Yusuf Pathan,2,0,9,2,0,0,4.50,Rajasthan Royals,2010-03-24
Munaf Patel,4,0,43,1,0,0,10.75,Rajasthan Royals,2010-03-24
Shaun Tait,3.1,0,22,3,0,1,7.10,Rajasthan Royals,2010-03-24
Anil Kumble,4,0,30,0,0,0,7.50,Royal Challengers Bangalore,2010-03-25
Jacques Kallis,4,0,36,0,0,1,9.00,Royal Challengers Bangalore,2010-03-25
Praveen Kumar,4,0,45,0,0,3,11.25,Royal Challengers Bangalore,2010-03-25
Vinay Kumar,4,0,29,1,0,1,7.25,Royal Challengers Bangalore,2010-03-25
Dale Steyn,4,0,42,1,0,2,10.50,Royal Challengers Bangalore,2010-03-25
Amit Mishra,4,0,23,2,0,0,5.75,Delhi Daredevils,2010-03-25
Pradeep Sangwan,4,0,32,1,0,4,8.00,Delhi Daredevils,2010-03-25
Umesh Yadav,4,0,27,1,1,0,6.75,Delhi Daredevils,2010-03-25
Andrew McDonald,4,0,42,2,0,0,10.50,Delhi Daredevils,2010-03-25
Dirk Nannes,4,0,31,0,0,0,7.75,Delhi Daredevils,2010-03-25
Lasith Malinga,4,0,41,0,0,4,10.25,Mumbai Indians,2010-03-25
Harbhajan Singh,4,0,25,1,0,1,6.25,Mumbai Indians,2010-03-25
Dwayne Bravo,4,0,42,0,0,0,10.50,Mumbai Indians,2010-03-25
Zaheer Khan,4,0,45,0,1,1,11.25,Mumbai Indians,2010-03-25
Ryan McLaren,4,0,23,1,0,3,5.75,Mumbai Indians,2010-03-25
Thisara Perera,1,0,19,0,0,0,19.00,Chennai Super Kings,2010-03-25
Shadab Jakati,4,0,30,1,0,0,7.50,Chennai Super Kings,2010-03-25
Muttiah Muralitharan,4,0,32,2,0,1,8.00,Chennai Super Kings,2010-03-25
Albie Morkel,4,0,26,0,0,2,6.50,Chennai Super Kings,2010-03-25
Joginder Sharma,2,0,23,1,1,1,11.50,Chennai Super Kings,2010-03-25
Lakshmipathy Balaji,4,0,47,1,0,1,11.75,Chennai Super Kings,2010-03-25
Adam Voges,2,0,9,0,0,0,4.50,Rajasthan Royals,2010-03-26
Yusuf Pathan,2,0,12,0,0,2,6.00,Rajasthan Royals,2010-03-26
Shane Warne,4,0,15,1,0,0,3.75,Rajasthan Royals,2010-03-26
Siddharth Trivedi,3,0,35,0,0,0,11.67,Rajasthan Royals,2010-03-26
Abhishek Jhunjhunwala,1,0,16,0,0,2,16.00,Rajasthan Royals,2010-03-26
Shaun Tait,4,0,22,3,0,3,5.50,Rajasthan Royals,2010-03-26
Sumit Narwal,4,0,35,2,0,0,8.75,Rajasthan Royals,2010-03-26
Andrew Symonds,2,0,9,0,0,0,4.50,Deccan Chargers,2010-03-26
Chaminda Vaas,3,0,29,0,0,0,9.67,Deccan Chargers,2010-03-26
Rohit Sharma,2,0,17,0,0,0,8.50,Deccan Chargers,2010-03-26
RP Singh,2,0,22,0,0,0,11.00,Deccan Chargers,2010-03-26
Pragyan Ojha,3,0,40,1,0,3,13.33,Deccan Chargers,2010-03-26
Rahul Sharma,3.4,0,30,0,0,0,8.82,Deccan Chargers,2010-03-26
Ravi Bopara,2,0,18,0,0,0,9.00,Kings XI Punjab,2010-03-27
Vikramjeet Singh Malik,3,0,18,0,1,1,6.00,Kings XI Punjab,2010-03-27
Shalabh Srivastava,3,0,23,2,0,4,7.67,Kings XI Punjab,2010-03-27
Irfan Pathan,4,0,42,2,0,2,10.50,Kings XI Punjab,2010-03-27
Brett Lee,4,0,39,0,1,0,9.75,Kings XI Punjab,2010-03-27
Piyush Chawla,4,0,35,1,0,1,8.75,Kings XI Punjab,2010-03-27
David Hussey,1,0,7,0,0,0,7.00,Kolkata Knight Riders,2010-03-27
Ajit Agarkar,4,0,32,2,0,0,8.00,Kolkata Knight Riders,2010-03-27
Chris Gayle,3,0,23,1,0,2,7.67,Kolkata Knight Riders,2010-03-27
Angelo Mathews,4,0,26,1,0,0,6.50,Kolkata Knight Riders,2010-03-27
Iqbal Abdulla,2,0,12,0,0,0,6.00,Kolkata Knight Riders,2010-03-27
Ashok Dinda,2,0,19,0,0,2,9.50,Kolkata Knight Riders,2010-03-27
Shane Bond,4,0,24,2,0,1,6.00,Kolkata Knight Riders,2010-03-27
Shadab Jakati,4,0,30,2,0,0,7.50,Chennai Super Kings,2010-03-28
Joginder Sharma,2,0,23,0,0,0,11.50,Chennai Super Kings,2010-03-28
Suresh Raina,2,0,15,0,0,0,7.50,Chennai Super Kings,2010-03-28
Muttiah Muralitharan,4,0,34,0,0,1,8.50,Chennai Super Kings,2010-03-28
Thilan Thushara,4,0,28,2,0,1,7.00,Chennai Super Kings,2010-03-28
Albie Morkel,4,0,46,2,0,0,11.50,Chennai Super Kings,2010-03-28
Adam Voges,1,0,8,0,0,0,8.00,Rajasthan Royals,2010-03-28
Yusuf Pathan,4,0,26,1,0,2,6.50,Rajasthan Royals,2010-03-28
Shane Warne,4,0,34,1,0,0,8.50,Rajasthan Royals,2010-03-28
Siddharth Trivedi,4,0,18,0,0,0,4.50,Rajasthan Royals,2010-03-28
Shaun Tait,4,0,22,2,0,0,5.50,Rajasthan Royals,2010-03-28
Sumit Narwal,3,0,49,0,0,1,16.33,Rajasthan Royals,2010-03-28
Andrew Symonds,4,0,40,0,0,1,10.00,Deccan Chargers,2010-03-28
Pragyan Ojha,4,0,24,2,0,0,6.00,Deccan Chargers,2010-03-28
Jaskaran Singh,3,0,30,2,4,1,10.00,Deccan Chargers,2010-03-28
Kemar Roach,4,0,32,0,0,2,8.00,Deccan Chargers,2010-03-28
Rohit Sharma,1,0,14,0,0,0,14.00,Deccan Chargers,2010-03-28
RP Singh,4,0,31,3,0,1,7.75,Deccan Chargers,2010-03-28
Dwayne Bravo,2,0,16,0,0,0,8.00,Mumbai Indians,2010-03-28
Kieron Pollard,2,0,20,1,0,0,10.00,Mumbai Indians,2010-03-28
Lasith Malinga,3.4,0,12,3,0,1,3.53,Mumbai Indians,2010-03-28
Zaheer Khan,3,0,21,3,0,0,7.00,Mumbai Indians,2010-03-28
Ryan McLaren,3,0,24,0,0,1,8.00,Mumbai Indians,2010-03-28
Harbhajan Singh,4,0,31,3,0,2,7.75,Mumbai Indians,2010-03-28
Murali Kartik,4,0,26,0,0,0,6.50,Kolkata Knight Riders,2010-03-29
Angelo Mathews,2,0,11,0,0,0,5.50,Kolkata Knight Riders,2010-03-29
David Hussey,4,0,24,0,0,0,6.00,Kolkata Knight Riders,2010-03-29
Ishant Sharma,1,0,17,1,0,2,17.00,Kolkata Knight Riders,2010-03-29
Charl Langeveldt,3,0,35,2,0,1,11.67,Kolkata Knight Riders,2010-03-29
Chris Gayle,4,0,38,1,0,0,9.50,Kolkata Knight Riders,2010-03-29
Ajit Agarkar,2,0,26,0,1,0,13.00,Kolkata Knight Riders,2010-03-29
Umesh Yadav,4,0,27,2,1,2,6.75,Delhi Daredevils,2010-03-29
Rajat Bhatia,4,0,28,1,0,1,7.00,Delhi Daredevils,2010-03-29
Amit Mishra,4,0,18,1,0,0,4.50,Delhi Daredevils,2010-03-29
Paul Collingwood,0.5,0,7,1,0,0,14.00,Delhi Daredevils,2010-03-29
Andrew McDonald,4,0,37,2,0,1,9.25,Delhi Daredevils,2010-03-29
Dirk Nannes,3.1,0,15,1,0,1,4.84,Delhi Daredevils,2010-03-29
Dwayne Bravo,3,0,22,1,0,0,7.33,Mumbai Indians,2010-03-30
Kieron Pollard,2,0,20,0,0,2,10.00,Mumbai Indians,2010-03-30
Harbhajan Singh,4,0,26,0,0,1,6.50,Mumbai Indians,2010-03-30
Zaheer Khan,4,0,34,3,0,1,8.50,Mumbai Indians,2010-03-30
Lasith Malinga,4,0,22,4,0,2,5.50,Mumbai Indians,2010-03-30
Ryan McLaren,3,0,29,0,1,0,9.67,Mumbai Indians,2010-03-30
Karan Goel,1,0,7,0,0,0,7.00,Kings XI Punjab,2010-03-30
Ravi Bopara,4,0,31,3,0,0,7.75,Kings XI Punjab,2010-03-30
Piyush Chawla,3,0,32,1,0,1,10.67,Kings XI Punjab,2010-03-30
Brett Lee,2.3,0,24,0,0,2,10.43,Kings XI Punjab,2010-03-30
Irfan Pathan,3,0,20,1,0,1,6.67,Kings XI Punjab,2010-03-30
Vikramjeet Singh Malik,2,0,21,0,0,0,10.50,Kings XI Punjab,2010-03-30
Shalabh Srivastava,4,0,27,1,0,3,6.75,Kings XI Punjab,2010-03-30
Chandrasekar Ganapathy,1,0,13,0,0,0,13.00,Chennai Super Kings,2010-03-31
Muttiah Muralitharan,4,0,21,0,0,0,5.25,Chennai Super Kings,2010-03-31
Albie Morkel,4,0,40,0,0,0,10.00,Chennai Super Kings,2010-03-31
Manpreet Gony,3,0,39,0,0,3,13.00,Chennai Super Kings,2010-03-31
Thilan Thushara,4,0,30,1,0,1,7.50,Chennai Super Kings,2010-03-31
Shadab Jakati,4,1,17,2,0,0,4.25,Chennai Super Kings,2010-03-31
Vinay Kumar,2.5,0,31,1,2,0,12.40,Royal Challengers Bangalore,2010-03-31
Kevin Pietersen,2,0,26,1,0,0,13.00,Royal Challengers Bangalore,2010-03-31
Jacques Kallis,3,0,21,1,0,0,7.00,Royal Challengers Bangalore,2010-03-31
Anil Kumble,4,0,16,1,0,0,4.00,Royal Challengers Bangalore,2010-03-31
Dale Steyn,4,0,20,1,0,1,5.00,Royal Challengers Bangalore,2010-03-31
Praveen Kumar,3,0,42,0,0,1,14.00,Royal Challengers Bangalore,2010-03-31
Siddharth Trivedi,4,0,35,0,0,0,8.75,Rajasthan Royals,2010-03-31
Shane Warne,4,0,26,1,0,0,6.50,Rajasthan Royals,2010-03-31
Shaun Tait,4,0,53,1,1,1,13.25,Rajasthan Royals,2010-03-31
Adam Voges,1,0,9,0,0,1,9.00,Rajasthan Royals,2010-03-31
Sumit Narwal,4,0,36,3,0,1,9.00,Rajasthan Royals,2010-03-31
Yusuf Pathan,3,0,25,0,0,0,8.33,Rajasthan Royals,2010-03-31
Paul Collingwood,1,0,6,1,0,0,6.00,Delhi Daredevils,2010-03-31
Sarabjit Ladda,4,0,37,1,0,1,9.25,Delhi Daredevils,2010-03-31
Umesh Yadav,3,0,21,0,0,0,7.00,Delhi Daredevils,2010-03-31
Virender Sehwag,0.4,0,2,1,0,0,5.00,Delhi Daredevils,2010-03-31
Amit Mishra,4,0,25,3,0,2,6.25,Delhi Daredevils,2010-03-31
Andrew McDonald,2,0,17,0,0,0,8.50,Delhi Daredevils,2010-03-31
Farveez Maharoof,3,0,13,2,0,0,4.33,Delhi Daredevils,2010-03-31
Rohit Sharma,2,0,16,0,0,1,8.00,Deccan Chargers,2010-04-01
Harmeet Singh Bansal,2,0,21,0,0,1,10.50,Deccan Chargers,2010-04-01
Andrew Symonds,4,0,26,2,0,0,6.50,Deccan Chargers,2010-04-01
Jaskaran Singh,3,0,18,2,0,0,6.00,Deccan Chargers,2010-04-01
Venugopal Rao,1,0,10,0,0,0,10.00,Deccan Chargers,2010-04-01
Pragyan Ojha,4,0,38,2,0,2,9.50,Deccan Chargers,2010-04-01
Kemar Roach,4,0,48,0,1,1,12.00,Deccan Chargers,2010-04-01
Angelo Mathews,4,0,25,1,0,1,6.25,Kolkata Knight Riders,2010-04-01
Murali Kartik,4,0,29,1,0,0,7.25,Kolkata Knight Riders,2010-04-01
Shane Bond,4,0,28,1,0,2,7.00,Kolkata Knight Riders,2010-04-01
Chris Gayle,1,0,9,1,0,0,9.00,Kolkata Knight Riders,2010-04-01
Ajit Agarkar,4,0,31,1,0,1,7.75,Kolkata Knight Riders,2010-04-01
Mohnish Parmar,3,0,33,0,0,1,11.00,Kolkata Knight Riders,2010-04-01
Anil Kumble,4,0,33,1,1,0,8.25,Royal Challengers Bangalore,2010-04-02
Jacques Kallis,4,0,45,1,0,1,11.25,Royal Challengers Bangalore,2010-04-02
Dale Steyn,4,0,31,1,0,1,7.75,Royal Challengers Bangalore,2010-04-02
Praveen Kumar,4,0,37,0,0,1,9.25,Royal Challengers Bangalore,2010-04-02
Kevin Pietersen,1,0,8,0,0,0,8.00,Royal Challengers Bangalore,2010-04-02
Vinay Kumar,3,0,24,1,0,0,8.00,Royal Challengers Bangalore,2010-04-02
Yuvraj Singh,2,0,14,0,0,0,7.00,Kings XI Punjab,2010-04-02
Bipul Sharma,4,0,26,1,0,0,6.50,Kings XI Punjab,2010-04-02
Shalabh Srivastava,2,0,21,1,0,0,10.50,Kings XI Punjab,2010-04-02
Irfan Pathan,3.1,0,36,1,0,1,11.61,Kings XI Punjab,2010-04-02
Piyush Chawla,2,0,22,0,0,0,11.00,Kings XI Punjab,2010-04-02
S Sreesanth,2,0,14,0,1,0,7.00,Kings XI Punjab,2010-04-02
Brett Lee,4,0,48,0,0,1,12.00,Kings XI Punjab,2010-04-02
Shane Warne,3,0,32,1,0,0,10.67,Rajasthan Royals,2010-04-03
Shrikant Wagh,1,0,16,1,0,0,16.00,Rajasthan Royals,2010-04-03
Shaun Tait,4,0,44,0,0,1,11.00,Rajasthan Royals,2010-04-03
Sumit Narwal,2,0,41,0,0,0,20.50,Rajasthan Royals,2010-04-03
Yusuf Pathan,4,0,44,0,0,0,11.00,Rajasthan Royals,2010-04-03
Abhishek Jhunjhunwala,2,0,18,0,0,0,9.00,Rajasthan Royals,2010-04-03
Shane Watson,4,0,47,2,0,1,11.75,Rajasthan Royals,2010-04-03
Suresh Raina,1,0,8,0,0,0,8.00,Chennai Super Kings,2010-04-03
Shadab Jakati,3,0,37,0,0,0,12.33,Chennai Super Kings,2010-04-03
Muttiah Muralitharan,4,0,52,1,0,1,13.00,Chennai Super Kings,2010-04-03
Sudeep Tyagi,4,0,45,0,0,2,11.25,Chennai Super Kings,2010-04-03
Doug Bollinger,4,0,15,2,1,1,3.75,Chennai Super Kings,2010-04-03
Albie Morkel,4,0,56,2,0,0,14.00,Chennai Super Kings,2010-04-03
Rahul Sharma,3,0,24,1,0,0,8.00,Deccan Chargers,2010-04-03
Pragyan Ojha,4,0,26,3,0,0,6.50,Deccan Chargers,2010-04-03
Jaskaran Singh,2,0,28,0,0,1,14.00,Deccan Chargers,2010-04-03
Ryan Harris,4,0,40,1,0,0,10.00,Deccan Chargers,2010-04-03
Rohit Sharma,3,0,26,0,0,2,8.67,Deccan Chargers,2010-04-03
Andrew Symonds,4,0,32,0,0,1,8.00,Deccan Chargers,2010-04-03
Ryan McLaren,4,0,28,2,0,0,7.00,Mumbai Indians,2010-04-03
Kieron Pollard,4,0,26,2,1,2,6.50,Mumbai Indians,2010-04-03
Dwayne Bravo,2,0,12,0,0,0,6.00,Mumbai Indians,2010-04-03
Zaheer Khan,2,0,10,2,0,0,5.00,Mumbai Indians,2010-04-03
Lasith Malinga,3.2,0,20,1,0,1,6.25,Mumbai Indians,2010-04-03
Harbhajan Singh,3,1,16,2,0,0,5.33,Mumbai Indians,2010-04-03
Ravi Bopara,3,0,43,1,0,2,14.33,Kings XI Punjab,2010-04-04
Shalabh Srivastava,3,0,35,0,0,2,11.67,Kings XI Punjab,2010-04-04
Ramesh Powar,4,0,23,0,0,1,5.75,Kings XI Punjab,2010-04-04
Irfan Pathan,4,0,36,1,0,1,9.00,Kings XI Punjab,2010-04-04
Piyush Chawla,2,0,26,0,0,0,13.00,Kings XI Punjab,2010-04-04
Rusty Theron,4,0,36,1,1,0,9.00,Kings XI Punjab,2010-04-04
David Hussey,1,0,13,0,0,0,13.00,Kolkata Knight Riders,2010-04-04
Angelo Mathews,3,0,32,0,0,0,10.67,Kolkata Knight Riders,2010-04-04
Ajit Agarkar,3,0,35,0,0,0,11.67,Kolkata Knight Riders,2010-04-04
Chris Gayle,1,0,16,0,0,0,16.00,Kolkata Knight Riders,2010-04-04
Murali Kartik,4,0,41,1,0,1,10.25,Kolkata Knight Riders,2010-04-04
Jaydev Unadkat,2.2,0,32,0,0,0,14.55,Kolkata Knight Riders,2010-04-04
Shane Bond,4,0,32,1,0,1,8.00,Kolkata Knight Riders,2010-04-04
KP Appanna,4,0,24,1,0,0,6.00,Royal Challengers Bangalore,2010-04-04
Kevin Pietersen,1,0,3,0,0,0,3.00,Royal Challengers Bangalore,2010-04-04
Jacques Kallis,3,0,26,0,0,0,8.67,Royal Challengers Bangalore,2010-04-04
Vinay Kumar,4,0,35,0,0,0,8.75,Royal Challengers Bangalore,2010-04-04
Anil Kumble,4,0,33,1,0,0,8.25,Royal Challengers Bangalore,2010-04-04
Cameron White,1,0,19,0,0,1,19.00,Royal Challengers Bangalore,2010-04-04
Abhimanyu Mithun,3,0,39,1,1,1,13.00,Royal Challengers Bangalore,2010-04-04
Pradeep Sangwan,4,0,22,3,0,0,5.50,Delhi Daredevils,2010-04-04
Rajat Bhatia,4,0,24,1,0,0,6.00,Delhi Daredevils,2010-04-04
Daniel Vettori,4,0,40,1,0,0,10.00,Delhi Daredevils,2010-04-04
Amit Mishra,4,0,32,3,1,0,8.00,Delhi Daredevils,2010-04-04
Farveez Maharoof,4,0,28,1,0,0,7.00,Delhi Daredevils,2010-04-04
Pragyan Ojha,3,0,37,1,0,1,12.33,Deccan Chargers,2010-04-05
Andrew Symonds,2,0,18,0,0,0,9.00,Deccan Chargers,2010-04-05
RP Singh,4,0,17,3,0,1,4.25,Deccan Chargers,2010-04-05
Harmeet Singh Bansal,4,0,25,2,0,1,6.25,Deccan Chargers,2010-04-05
Dwayne Smith,2.5,0,22,1,0,0,8.80,Deccan Chargers,2010-04-05
Ryan Harris,4,0,34,2,0,1,8.50,Deccan Chargers,2010-04-05
Shane Warne,4,0,21,4,0,0,5.25,Rajasthan Royals,2010-04-05
Yusuf Pathan,2,0,3,0,0,0,1.50,Rajasthan Royals,2010-04-05
Siddharth Trivedi,2.5,0,16,3,0,1,6.40,Rajasthan Royals,2010-04-05
Morne Morkel,4,0,32,0,0,0,8.00,Rajasthan Royals,2010-04-05
Aditya Dole,4,0,42,2,1,1,10.50,Rajasthan Royals,2010-04-05
Shane Watson,3,0,40,0,0,4,13.33,Rajasthan Royals,2010-04-05
Rajagopal Sathish,1,0,5,0,0,0,5.00,Mumbai Indians,2010-04-06
Kieron Pollard,4,0,27,2,0,0,6.75,Mumbai Indians,2010-04-06
Dwayne Bravo,2,0,21,1,0,1,10.50,Mumbai Indians,2010-04-06
Abu Nechim,2,0,26,0,0,2,13.00,Mumbai Indians,2010-04-06
Harbhajan Singh,4,0,23,1,1,1,5.75,Mumbai Indians,2010-04-06
Lasith Malinga,4,0,36,0,0,2,9.00,Mumbai Indians,2010-04-06
Ryan McLaren,3,0,25,0,0,1,8.33,Mumbai Indians,2010-04-06
Shadab Jakati,4,0,27,1,0,1,6.75,Chennai Super Kings,2010-04-06
Thilan Thushara,2.3,0,16,2,2,1,6.96,Chennai Super Kings,2010-04-06
Suresh Raina,2.3,0,12,1,0,1,5.22,Chennai Super Kings,2010-04-06
Ravichandran Ashwin,4,0,22,2,0,2,5.50,Chennai Super Kings,2010-04-06
Doug Bollinger,4,0,39,1,0,1,9.75,Chennai Super Kings,2010-04-06
Sudeep Tyagi,3,0,20,1,0,1,6.67,Chennai Super Kings,2010-04-06
Faiz Fazal,1,0,6,0,0,0,6.00,Rajasthan Royals,2010-04-07
Shane Warne,3,0,42,0,0,1,14.00,Rajasthan Royals,2010-04-07
Siddharth Trivedi,4,0,22,2,0,1,5.50,Rajasthan Royals,2010-04-07
Shane Watson,4,0,19,1,0,1,4.75,Rajasthan Royals,2010-04-07
Aditya Dole,4,0,36,2,0,2,9.00,Rajasthan Royals,2010-04-07
Yusuf Pathan,4,0,26,0,0,1,6.50,Rajasthan Royals,2010-04-07
Ravi Bopara,2,0,18,1,0,2,9.00,Kings XI Punjab,2010-04-07
Bipul Sharma,1,0,12,0,0,0,12.00,Kings XI Punjab,2010-04-07
Piyush Chawla,4,0,27,0,0,0,6.75,Kings XI Punjab,2010-04-07
Ramesh Powar,2,0,18,0,0,0,9.00,Kings XI Punjab,2010-04-07
Irfan Pathan,1,0,17,0,0,0,17.00,Kings XI Punjab,2010-04-07
S Sreesanth,3,0,40,0,3,2,13.33,Kings XI Punjab,2010-04-07
Rusty Theron,2,0,23,0,0,0,11.50,Kings XI Punjab,2010-04-07
Rajat Bhatia,4,0,30,1,0,1,7.50,Delhi Daredevils,2010-04-07
Paul Collingwood,2,0,19,0,0,1,9.50,Delhi Daredevils,2010-04-07
Amit Mishra,4,0,41,0,0,2,10.25,Delhi Daredevils,2010-04-07
Pradeep Sangwan,3,0,30,0,0,1,10.00,Delhi Daredevils,2010-04-07
Farveez Maharoof,3,0,30,0,0,0,10.00,Delhi Daredevils,2010-04-07
Daniel Vettori,4,0,30,1,0,1,7.50,Delhi Daredevils,2010-04-07
Sourav Ganguly,1,0,12,0,0,1,12.00,Kolkata Knight Riders,2010-04-07
Ajantha Mendis,4,0,22,2,0,1,5.50,Kolkata Knight Riders,2010-04-07
Angelo Mathews,3,0,43,0,0,0,14.33,Kolkata Knight Riders,2010-04-07
Ajit Agarkar,4,0,36,1,0,1,9.00,Kolkata Knight Riders,2010-04-07
Iqbal Abdulla,4,0,28,1,0,0,7.00,Kolkata Knight Riders,2010-04-07
Ashok Dinda,4,0,21,2,0,1,5.25,Kolkata Knight Riders,2010-04-07
Andrew Symonds,3,0,34,1,0,1,11.33,Deccan Chargers,2010-04-08
Pragyan Ojha,4,0,24,2,0,0,6.00,Deccan Chargers,2010-04-08
Mitchell Marsh,4,0,37,1,0,3,9.25,Deccan Chargers,2010-04-08
RP Singh,4,0,38,0,0,1,9.50,Deccan Chargers,2010-04-08
Harmeet Singh Bansal,1,0,13,0,0,2,13.00,Deccan Chargers,2010-04-08
Ryan Harris,4,0,37,2,0,3,9.25,Deccan Chargers,2010-04-08
Jacques Kallis,4,0,32,0,0,0,8.00,Royal Challengers Bangalore,2010-04-08
Vinay Kumar,3.2,0,39,1,0,0,12.19,Royal Challengers Bangalore,2010-04-08
Dale Steyn,4,0,38,0,0,3,9.50,Royal Challengers Bangalore,2010-04-08
Anil Kumble,4,0,38,1,0,1,9.50,Royal Challengers Bangalore,2010-04-08
Praveen Kumar,4,0,37,1,0,1,9.25,Royal Challengers Bangalore,2010-04-08
Ramesh Powar,4,0,28,0,0,0,7.00,Kings XI Punjab,2010-04-09
Yuvraj Singh,2,0,15,0,0,0,7.50,Kings XI Punjab,2010-04-09
Piyush Chawla,4,0,24,3,0,0,6.00,Kings XI Punjab,2010-04-09
Irfan Pathan,4,0,29,3,0,0,7.25,Kings XI Punjab,2010-04-09
Brett Lee,4,0,38,0,0,0,9.50,Kings XI Punjab,2010-04-09
Love Ablish,2,0,17,2,0,1,8.50,Kings XI Punjab,2010-04-09
Kieron Pollard,1,0,9,1,0,1,9.00,Mumbai Indians,2010-04-09
Jean-Paul Duminy,3,0,15,1,0,0,5.00,Mumbai Indians,2010-04-09
Rajagopal Sathish,2,0,14,0,0,1,7.00,Mumbai Indians,2010-04-09
Harbhajan Singh,4,0,34,0,0,1,8.50,Mumbai Indians,2010-04-09
Lasith Malinga,4,0,36,2,0,0,9.00,Mumbai Indians,2010-04-09
Zaheer Khan,3.2,0,36,0,0,0,11.25,Mumbai Indians,2010-04-09
Ryan McLaren,2,0,13,0,0,0,6.50,Mumbai Indians,2010-04-09
Andrew Symonds,4,0,23,1,0,0,5.75,Deccan Chargers,2010-04-10
Dwayne Smith,1,0,14,0,0,0,14.00,Deccan Chargers,2010-04-10
Rohit Sharma,2,0,19,0,0,2,9.50,Deccan Chargers,2010-04-10
RP Singh,2,0,18,1,0,1,9.00,Deccan Chargers,2010-04-10
Pragyan Ojha,3,0,20,1,0,0,6.67,Deccan Chargers,2010-04-10
Harmeet Singh Bansal,4,0,21,1,0,0,5.25,Deccan Chargers,2010-04-10
Ryan Harris,4,0,18,3,0,0,4.50,Deccan Chargers,2010-04-10
Thilan Thushara,4,0,27,0,0,2,6.75,Chennai Super Kings,2010-04-10
Shadab Jakati,4,0,29,1,0,0,7.25,Chennai Super Kings,2010-04-10
Doug Bollinger,3,0,31,0,0,2,10.33,Chennai Super Kings,2010-04-10
Sudeep Tyagi,1,0,12,0,0,0,12.00,Chennai Super Kings,2010-04-10
Suresh Raina,3.1,0,25,1,0,1,8.06,Chennai Super Kings,2010-04-10
Ravichandran Ashwin,4,0,13,2,0,1,3.25,Chennai Super Kings,2010-04-10
Sridharan Sriram,2,0,24,0,0,0,12.00,Royal Challengers Bangalore,2010-04-10
Dale Steyn,4,0,27,1,0,1,6.75,Royal Challengers Bangalore,2010-04-10
Praveen Kumar,3,0,37,0,0,2,12.33,Royal Challengers Bangalore,2010-04-10
Vinay Kumar,3,0,23,3,0,1,7.67,Royal Challengers Bangalore,2010-04-10
Anil Kumble,4,0,17,1,0,1,4.25,Royal Challengers Bangalore,2010-04-10
Jacques Kallis,4,0,31,2,0,1,7.75,Royal Challengers Bangalore,2010-04-10
Ishant Sharma,4,0,46,0,0,2,11.50,Kolkata Knight Riders,2010-04-10
Ashok Dinda,3.1,0,15,2,0,0,4.84,Kolkata Knight Riders,2010-04-10
Ajantha Mendis,4,0,44,0,0,1,11.00,Kolkata Knight Riders,2010-04-10
Angelo Mathews,3,0,25,1,0,0,8.33,Kolkata Knight Riders,2010-04-10
Ajit Agarkar,3,0,29,0,0,0,9.67,Kolkata Knight Riders,2010-04-10
Rusty Theron,2,0,11,1,0,0,5.50,Kings XI Punjab,2010-04-11
Love Ablish,2,0,19,1,0,2,9.50,Kings XI Punjab,2010-04-11
Irfan Pathan,3.4,0,24,3,0,3,7.06,Kings XI Punjab,2010-04-11
Yuvraj Singh,4,0,14,1,0,0,3.50,Kings XI Punjab,2010-04-11
Piyush Chawla,4,0,16,2,0,0,4.00,Kings XI Punjab,2010-04-11
Ramesh Powar,4,0,25,0,0,3,6.25,Kings XI Punjab,2010-04-11
Paul Collingwood,4,0,19,2,0,0,4.75,Delhi Daredevils,2010-04-11
Daniel Vettori,3.4,0,27,0,0,1,7.94,Delhi Daredevils,2010-04-11
Rajat Bhatia,2,0,19,0,0,0,9.50,Delhi Daredevils,2010-04-11
Virender Sehwag,1,0,3,0,0,0,3.00,Delhi Daredevils,2010-04-11
Farveez Maharoof,2,0,16,0,0,0,8.00,Delhi Daredevils,2010-04-11
Amit Mishra,4,0,15,1,0,0,3.75,Delhi Daredevils,2010-04-11
Ashish Nehra,2,0,8,0,0,0,4.00,Delhi Daredevils,2010-04-11
Shane Warne,4,0,34,0,0,1,8.50,Rajasthan Royals,2010-04-11
Aditya Dole,3,0,34,1,0,3,11.33,Rajasthan Royals,2010-04-11
Yusuf Pathan,4,0,24,0,0,2,6.00,Rajasthan Royals,2010-04-11
Siddharth Trivedi,4,0,35,1,0,1,8.75,Rajasthan Royals,2010-04-11
Abhishek Jhunjhunwala,1,0,6,0,0,0,6.00,Rajasthan Royals,2010-04-11
Shane Watson,4,0,37,3,0,1,9.25,Rajasthan Royals,2010-04-11
Kieron Pollard,2,0,19,1,0,0,9.50,Mumbai Indians,2010-04-11
Harbhajan Singh,4,0,21,1,0,2,5.25,Mumbai Indians,2010-04-11
Lasith Malinga,4,0,23,0,0,0,5.75,Mumbai Indians,2010-04-11
Dhawal Kulkarni,4,0,40,1,0,1,10.00,Mumbai Indians,2010-04-11
Sanath Jayasuriya,2,0,16,0,0,0,8.00,Mumbai Indians,2010-04-11
Zaheer Khan,4,1,17,2,0,0,4.25,Mumbai Indians,2010-04-11
Virat Kohli,2,0,16,0,0,0,8.00,Royal Challengers Bangalore,2010-04-12
Anil Kumble,4,0,27,1,1,0,6.75,Royal Challengers Bangalore,2010-04-12
Jacques Kallis,4,0,40,0,0,0,10.00,Royal Challengers Bangalore,2010-04-12
Dale Steyn,4,0,18,3,0,2,4.50,Royal Challengers Bangalore,2010-04-12
KP Appanna,3,0,27,0,0,1,9.00,Royal Challengers Bangalore,2010-04-12
Vinay Kumar,3,0,19,1,0,0,6.33,Royal Challengers Bangalore,2010-04-12
Pragyan Ojha,4,0,22,2,0,0,5.50,Deccan Chargers,2010-04-12
Andrew Symonds,4,0,33,1,0,0,8.25,Deccan Chargers,2010-04-12
RP Singh,4,0,21,2,0,2,5.25,Deccan Chargers,2010-04-12
Harmeet Singh Bansal,4,0,24,2,0,2,6.00,Deccan Chargers,2010-04-12
Ryan Harris,3.4,0,34,2,0,3,10.00,Deccan Chargers,2010-04-12
Sarabjit Ladda,1,0,14,0,0,0,14.00,Delhi Daredevils,2010-04-13
Paul Collingwood,4,0,27,0,0,0,6.75,Delhi Daredevils,2010-04-13
Andrew McDonald,4,0,42,1,0,0,10.50,Delhi Daredevils,2010-04-13
Amit Mishra,3,0,30,0,0,0,10.00,Delhi Daredevils,2010-04-13
Pradeep Sangwan,4,0,35,2,2,2,8.75,Delhi Daredevils,2010-04-13
Ashish Nehra,4,0,30,1,0,1,7.50,Delhi Daredevils,2010-04-13
Kieron Pollard,4,0,15,0,0,0,3.75,Mumbai Indians,2010-04-13
Dwayne Bravo,2,0,26,0,0,1,13.00,Mumbai Indians,2010-04-13
Harbhajan Singh,4,0,24,1,0,0,6.00,Mumbai Indians,2010-04-13
Ali Murtaza,4,0,18,2,0,0,4.50,Mumbai Indians,2010-04-13
Dilhara Fernando,4,0,32,2,1,0,8.00,Mumbai Indians,2010-04-13
Zaheer Khan,2,0,23,0,0,0,11.50,Mumbai Indians,2010-04-13
Suresh Raina,2,0,18,1,0,0,9.00,Chennai Super Kings,2010-04-13
Muttiah Muralitharan,4,0,47,1,0,3,11.75,Chennai Super Kings,2010-04-13
Albie Morkel,2,0,14,0,0,1,7.00,Chennai Super Kings,2010-04-13
Doug Bollinger,4,1,15,2,0,0,3.75,Chennai Super Kings,2010-04-13
Ravichandran Ashwin,4,0,16,3,0,1,4.00,Chennai Super Kings,2010-04-13
Shadab Jakati,4,0,23,1,0,1,5.75,Chennai Super Kings,2010-04-13
Angelo Mathews,1,0,15,0,0,1,15.00,Kolkata Knight Riders,2010-04-13
David Hussey,2,0,22,0,0,0,11.00,Kolkata Knight Riders,2010-04-13
Laxmi Shukla,1,0,9,0,0,0,9.00,Kolkata Knight Riders,2010-04-13
Iqbal Abdulla,2.3,0,21,0,0,0,9.13,Kolkata Knight Riders,2010-04-13
Ajit Agarkar,2,0,14,0,0,1,7.00,Kolkata Knight Riders,2010-04-13
Ashok Dinda,2,0,25,0,0,1,12.50,Kolkata Knight Riders,2010-04-13
Chris Gayle,3,0,35,1,0,2,11.67,Kolkata Knight Riders,2010-04-13
Jacques Kallis,4,0,19,1,0,1,4.75,Royal Challengers Bangalore,2010-04-14
Pankaj Singh,4,1,27,2,0,0,6.75,Royal Challengers Bangalore,2010-04-14
Vinay Kumar,4,0,36,1,0,0,9.00,Royal Challengers Bangalore,2010-04-14
Dale Steyn,4,0,15,1,0,1,3.75,Royal Challengers Bangalore,2010-04-14
Anil Kumble,4,0,28,0,1,0,7.00,Royal Challengers Bangalore,2010-04-14
Shane Warne,4,0,28,1,0,0,7.00,Rajasthan Royals,2010-04-14
Adam Voges,1,0,17,0,0,0,17.00,Rajasthan Royals,2010-04-14
Siddharth Trivedi,3.4,0,32,2,0,0,9.41,Rajasthan Royals,2010-04-14
Kamran Khan,3,0,30,1,0,0,10.00,Rajasthan Royals,2010-04-14
Shane Watson,4,0,24,0,0,0,6.00,Rajasthan Royals,2010-04-14
Virender Sehwag,4,0,18,2,0,0,4.50,Delhi Daredevils,2010-04-15
Tillakaratne Dilshan,4,0,19,1,0,0,4.75,Delhi Daredevils,2010-04-15
Umesh Yadav,1,0,11,0,0,1,11.00,Delhi Daredevils,2010-04-15
Ashish Nehra,4,0,26,3,0,0,6.50,Delhi Daredevils,2010-04-15
Dirk Nannes,3,0,25,1,1,2,8.33,Delhi Daredevils,2010-04-15
Amit Mishra,4,0,13,1,1,0,3.25,Delhi Daredevils,2010-04-15
Suresh Raina,3,0,15,0,0,0,5.00,Chennai Super Kings,2010-04-15
Lakshmipathy Balaji,2,0,16,0,0,2,8.00,Chennai Super Kings,2010-04-15
Albie Morkel,2.4,0,16,0,0,1,6.67,Chennai Super Kings,2010-04-15
Shadab Jakati,3,0,14,1,0,0,4.67,Chennai Super Kings,2010-04-15
Doug Bollinger,4,0,24,2,0,1,6.00,Chennai Super Kings,2010-04-15
Ravichandran Ashwin,4,0,24,1,0,0,6.00,Chennai Super Kings,2010-04-15
Pragyan Ojha,2,0,19,0,1,0,9.50,Deccan Chargers,2010-04-16
Rohit Sharma,1,0,8,0,0,0,8.00,Deccan Chargers,2010-04-16
Andrew Symonds,2,0,16,0,0,0,8.00,Deccan Chargers,2010-04-16
Mitchell Marsh,4,0,32,0,0,0,8.00,Deccan Chargers,2010-04-16
Ryan Harris,4,0,27,1,0,2,6.75,Deccan Chargers,2010-04-16
Rahul Sharma,3,0,18,1,0,1,6.00,Deccan Chargers,2010-04-16
RP Singh,4,0,51,1,0,1,12.75,Deccan Chargers,2010-04-16
Yuvraj Singh,2,0,22,1,0,0,11.00,Kings XI Punjab,2010-04-16
Piyush Chawla,4,0,24,1,0,0,6.00,Kings XI Punjab,2010-04-16
Rusty Theron,4,0,32,1,0,3,8.00,Kings XI Punjab,2010-04-16
Shalabh Srivastava,4,0,36,0,0,2,9.00,Kings XI Punjab,2010-04-16
Irfan Pathan,3,0,35,1,0,1,11.67,Kings XI Punjab,2010-04-16
Vikramjeet Singh Malik,2.1,0,23,1,0,1,10.95,Kings XI Punjab,2010-04-16
Jacques Kallis,4,0,41,2,0,1,10.25,Royal Challengers Bangalore,2010-04-17
Vinay Kumar,3,0,26,0,0,0,8.67,Royal Challengers Bangalore,2010-04-17
Dale Steyn,4,0,18,0,0,1,4.50,Royal Challengers Bangalore,2010-04-17
Kevin Pietersen,1,0,10,1,0,0,10.00,Royal Challengers Bangalore,2010-04-17
Anil Kumble,4,0,38,1,0,1,9.50,Royal Challengers Bangalore,2010-04-17
Pankaj Singh,4,0,54,0,0,3,13.50,Royal Challengers Bangalore,2010-04-17
Kieron Pollard,4,0,28,3,0,2,7.00,Mumbai Indians,2010-04-17
Harbhajan Singh,4,0,28,2,0,0,7.00,Mumbai Indians,2010-04-17
Dilhara Fernando,4,0,24,2,0,0,6.00,Mumbai Indians,2010-04-17
Ryan McLaren,4,0,21,1,0,0,5.25,Mumbai Indians,2010-04-17
Zaheer Khan,4,0,30,1,0,0,7.50,Mumbai Indians,2010-04-17
Jaydev Unadkat,4,0,26,3,0,0,6.50,Kolkata Knight Riders,2010-04-17
Murali Kartik,4,0,31,1,0,0,7.75,Kolkata Knight Riders,2010-04-17
Shane Bond,4,1,20,1,0,1,5.00,Kolkata Knight Riders,2010-04-17
Laxmi Shukla,4,0,30,1,0,0,7.50,Kolkata Knight Riders,2010-04-17
Ashok Dinda,4,0,24,2,0,0,6.00,Kolkata Knight Riders,2010-04-17
Faiz Fazal,1,0,14,0,0,0,14.00,Rajasthan Royals,2010-04-17
Aaron Finch,1.1,0,5,0,0,0,4.55,Rajasthan Royals,2010-04-17
Yusuf Pathan,3,0,32,0,0,3,10.67,Rajasthan Royals,2010-04-17
Shane Warne,3,0,20,0,0,1,6.67,Rajasthan Royals,2010-04-17
Adam Voges,1,0,16,0,0,1,16.00,Rajasthan Royals,2010-04-17
Siddharth Trivedi,2,0,16,0,0,0,8.00,Rajasthan Royals,2010-04-17
Kamran Khan,2,0,13,2,0,2,6.50,Rajasthan Royals,2010-04-17
Shane Watson,3,0,17,0,0,0,5.67,Rajasthan Royals,2010-04-17
Justin Kemp,1,0,12,0,0,0,12.00,Chennai Super Kings,2010-04-18
Ravichandran Ashwin,4,0,20,1,0,0,5.00,Chennai Super Kings,2010-04-18
Doug Bollinger,4,0,39,0,0,1,9.75,Chennai Super Kings,2010-04-18
Sudeep Tyagi,2,0,24,0,0,1,12.00,Chennai Super Kings,2010-04-18
Shadab Jakati,1,0,14,0,0,0,14.00,Chennai Super Kings,2010-04-18
Suresh Raina,4,0,33,1,0,0,8.25,Chennai Super Kings,2010-04-18
Albie Morkel,4,0,48,1,0,1,12.00,Chennai Super Kings,2010-04-18
Rusty Theron,4,0,43,1,0,1,10.75,Kings XI Punjab,2010-04-18
Vikram Singh,3,0,40,0,1,2,13.33,Kings XI Punjab,2010-04-18
Irfan Pathan,3.4,0,44,0,0,0,12.94,Kings XI Punjab,2010-04-18
Yuvraj Singh,1,0,7,0,0,0,7.00,Kings XI Punjab,2010-04-18
Piyush Chawla,4,0,28,1,0,0,7.00,Kings XI Punjab,2010-04-18
Ramesh Powar,4,0,28,2,0,1,7.00,Kings XI Punjab,2010-04-18
Umesh Yadav,4,0,24,2,0,1,6.00,Delhi Daredevils,2010-04-18
Amit Mishra,4,0,28,1,0,0,7.00,Delhi Daredevils,2010-04-18
Ashish Nehra,4,0,32,2,0,0,8.00,Delhi Daredevils,2010-04-18
Dirk Nannes,4,0,22,0,0,0,5.50,Delhi Daredevils,2010-04-18
Tillakaratne Dilshan,1,0,14,0,0,0,14.00,Delhi Daredevils,2010-04-18
Paul Collingwood,3,0,23,1,0,0,7.67,Delhi Daredevils,2010-04-18
Rahul Sharma,4,0,29,0,0,1,7.25,Deccan Chargers,2010-04-18
Pragyan Ojha,4,0,16,2,0,0,4.00,Deccan Chargers,2010-04-18
Andrew Symonds,2,0,8,0,0,0,4.00,Deccan Chargers,2010-04-18
Harmeet Singh Bansal,4,0,41,2,0,1,10.25,Deccan Chargers,2010-04-18
Mitchell Marsh,2,0,19,1,1,0,9.50,Deccan Chargers,2010-04-18
Chaminda Vaas,4,0,19,1,0,0,4.75,Deccan Chargers,2010-04-18
David Hussey,2,0,14,0,0,0,7.00,Kolkata Knight Riders,2010-04-19
Murali Kartik,4,0,20,2,0,0,5.00,Kolkata Knight Riders,2010-04-19
Sourav Ganguly,1,0,13,0,0,0,13.00,Kolkata Knight Riders,2010-04-19
Ashok Dinda,4,0,20,1,0,1,5.00,Kolkata Knight Riders,2010-04-19
Shane Bond,4,0,24,2,0,0,6.00,Kolkata Knight Riders,2010-04-19
Manoj Tiwary,1,0,11,1,0,1,11.00,Kolkata Knight Riders,2010-04-19
Jaydev Unadkat,4,0,27,1,0,0,6.75,Kolkata Knight Riders,2010-04-19
Dwayne Bravo,2,0,7,0,0,1,3.50,Mumbai Indians,2010-04-19
Ryan McLaren,3,0,26,0,0,1,8.67,Mumbai Indians,2010-04-19
Rajagopal Sathish,2,0,11,1,0,1,5.50,Mumbai Indians,2010-04-19
Jean-Paul Duminy,2.3,0,22,0,0,0,9.57,Mumbai Indians,2010-04-19
Stuart Binny,1,0,9,0,0,0,9.00,Mumbai Indians,2010-04-19
Dilhara Fernando,3,0,31,0,1,1,10.33,Mumbai Indians,2010-04-19
Ali Murtaza,4,0,27,0,0,1,6.75,Mumbai Indians,2010-04-19
Virat Kohli,1,0,10,0,0,0,10.00,Royal Challengers Bangalore,2010-04-21
Anil Kumble,4,0,30,1,2,0,7.50,Royal Challengers Bangalore,2010-04-21
Jacques Kallis,2,0,25,0,0,0,12.50,Royal Challengers Bangalore,2010-04-21
Vinay Kumar,2,0,25,0,0,1,12.50,Royal Challengers Bangalore,2010-04-21
Dale Steyn,4,0,43,2,0,3,10.75,Royal Challengers Bangalore,2010-04-21
Praveen Kumar,3,0,29,0,0,1,9.67,Royal Challengers Bangalore,2010-04-21
Kevin Pietersen,4,0,20,1,0,0,5.00,Royal Challengers Bangalore,2010-04-21
Kieron Pollard,4,0,17,3,0,2,4.25,Mumbai Indians,2010-04-21
Harbhajan Singh,4,0,44,2,0,3,11.00,Mumbai Indians,2010-04-21
Lasith Malinga,4,0,24,2,0,1,6.00,Mumbai Indians,2010-04-21
Dilhara Fernando,4,0,28,1,1,1,7.00,Mumbai Indians,2010-04-21
Zaheer Khan,4,0,34,0,0,0,8.50,Mumbai Indians,2010-04-21
Pragyan Ojha,4,0,27,1,0,0,6.75,Deccan Chargers,2010-04-22
RP Singh,4,0,33,0,0,1,8.25,Deccan Chargers,2010-04-22
Andrew Symonds,4,0,18,1,0,1,4.50,Deccan Chargers,2010-04-22
Harmeet Singh Bansal,4,0,22,1,0,0,5.50,Deccan Chargers,2010-04-22
Ryan Harris,4,0,29,3,0,1,7.25,Deccan Chargers,2010-04-22
Suresh Raina,0.2,0,0,1,0,0,0.00,Chennai Super Kings,2010-04-22
Shadab Jakati,4,0,44,2,0,2,11.00,Chennai Super Kings,2010-04-22
Albie Morkel,3,0,15,1,0,0,5.00,Chennai Super Kings,2010-04-22
Muttiah Muralitharan,4,0,16,1,0,0,4.00,Chennai Super Kings,2010-04-22
Doug Bollinger,4,1,13,4,0,0,3.25,Chennai Super Kings,2010-04-22
Ravichandran Ashwin,4,0,14,1,0,0,3.50,Chennai Super Kings,2010-04-22
Dale Steyn,3,1,11,1,0,2,3.67,Royal Challengers Bangalore,2010-04-24
Nayan Doshi,4,0,17,1,0,1,4.25,Royal Challengers Bangalore,2010-04-24
Kevin Pietersen,1,0,10,0,0,0,10.00,Royal Challengers Bangalore,2010-04-24
Balachandra Akhil,1,0,6,0,0,0,6.00,Royal Challengers Bangalore,2010-04-24
Jacques Kallis,2,1,3,2,0,0,1.50,Royal Challengers Bangalore,2010-04-24
Anil Kumble,3.3,0,16,4,0,0,4.85,Royal Challengers Bangalore,2010-04-24
Praveen Kumar,4,0,18,2,0,0,4.50,Royal Challengers Bangalore,2010-04-24
Rahul Sharma,3,0,24,1,0,0,8.00,Deccan Chargers,2010-04-24
Ryan Harris,3,0,14,0,0,1,4.67,Deccan Chargers,2010-04-24
Andrew Symonds,3,0,17,0,0,0,5.67,Deccan Chargers,2010-04-24
Harmeet Singh Bansal,1,0,7,0,0,0,7.00,Deccan Chargers,2010-04-24
Pragyan Ojha,3.5,0,22,0,0,0,6.29,Deccan Chargers,2010-04-24
