Match Date,Name,Runs,Balls,Fours,Sixes,Strike Rate,Country,Born,Team,Venue,Season
2023-03-31,Devon Conway,1,6,0,0,16.67,New Zealand,1991-07-08,CSK,Ahmedabad,2023
2023-03-31,Ruturaj Gaikwad,92,50,4,9,184.00,India,1997-01-31,CSK,Ahmedabad,2023
2023-03-31,Moeen Ali,23,17,4,1,135.29,England,1987-06-18,CSK,Ahmedabad,2023
2023-03-31,Ben Stokes,7,6,1,0,116.67,England,1991-06-04,CSK,Ahmedabad,2023
2023-03-31,Ambati Rayudu,12,12,0,1,100.00,India,1985-09-23,CSK,Ahmedabad,2023
2023-03-31,Shivam Dube,19,18,0,1,105.56,India,1993-06-26,CSK,Ahmedabad,2023
2023-03-31,Ravindra Jadeja,1,2,0,0,50.00,India,1988-12-06,CSK,Ahmedabad,2023
2023-03-31,MS Dhoni,14,7,1,1,200.00,India,1981-07-07,CSK,Ahmedabad,2023
2023-03-31,Mitchell Santner,1,3,0,0,33.33,New Zealand,1992-02-05,CSK,Ahmedabad,2023
2023-03-31,Wriddhiman Saha,25,16,2,2,156.25,India,1984-10-24,GT,Ahmedabad,2023
2023-03-31,Shubman Gill,63,36,6,3,175.00,India,1999-09-08,GT,Ahmedabad,2023
2023-03-31,Sai Sudharsan,22,17,3,0,129.41,India,2001-10-15,GT,Ahmedabad,2023
2023-03-31,Hardik Pandya,8,11,0,0,72.73,India,1993-10-11,GT,Ahmedabad,2023
2023-03-31,Vijay Shankar,27,21,2,1,128.57,India,1991-01-26,GT,Ahmedabad,2023
2023-03-31,Rahul Tewatia,15,14,1,1,107.14,India,1993-05-20,GT,Ahmedabad,2023
2023-03-31,Rashid Khan,10,3,1,1,333.33,Afghanistan,1998-09-20,GT,Ahmedabad,2023
2023-04-01,Prabhsimran Singh,23,12,2,2,191.67,India,2000-08-10,PK,Mohali,2023
2023-04-01,Shikhar Dhawan,40,29,6,0,137.93,India,1985-12-05,PK,Mohali,2023
2023-04-01,Bhanuka Rajapaksa,50,32,5,2,156.25,Sri Lanka,1991-10-24,PK,Mohali,2023
2023-04-01,Jitesh Sharma,21,11,1,2,190.91,India,1993-10-22,PK,Mohali,2023
2023-04-01,Sikandar Raza,16,13,1,1,123.08,Zimbabwe,1986-04-24,PK,Mohali,2023
2023-04-01,Sam Curran,26,17,0,2,152.94,England,1998-06-03,PK,Mohali,2023
2023-04-01,Shahrukh Khan,11,7,2,0,157.14,India,1995-05-27,PK,Mohali,2023
2023-04-01,Mandeep Singh,2,4,0,0,50.00,India,1991-12-18,KKR,Mohali,2023
2023-04-01,Rahmanullah Gurbaz,22,16,3,1,137.50,Afghanistan,2001-11-28,KKR,Mohali,2023
2023-04-01,Anukul Roy,4,5,1,0,80.00,India,1998-11-30,KKR,Mohali,2023
2023-04-01,Venkatesh Iyer,34,28,3,1,121.43,India,1994-12-25,KKR,Mohali,2023
2023-04-01,Nitish Rana,24,17,3,1,141.18,India,1993-12-27,KKR,Mohali,2023
2023-04-01,Rinku Singh,4,4,0,0,100.00,India,1997-10-12,KKR,Mohali,2023
2023-04-01,Andre Russell,35,19,3,2,184.21,West Indies,1988-04-29,KKR,Mohali,2023
2023-04-01,Shardul Thakur,8,3,0,1,266.67,India,1991-10-16,KKR,Mohali,2023
2023-04-01,Sunil Narine,7,2,0,1,350.00,West Indies,1988-05-26,KKR,Mohali,2023
2023-04-01,KL Rahul,8,12,0,1,66.67,India,1992-04-18,LSG,Lucknow,2023
2023-04-01,Kyle Mayers,73,38,2,7,192.11,West Indies,1992-09-08,LSG,Lucknow,2023
2023-04-01,Deepak Hooda,17,18,0,0,94.44,India,1995-04-19,LSG,Lucknow,2023
2023-04-01,Krunal Pandya,15,13,0,1,115.38,India,1991-03-24,LSG,Lucknow,2023
2023-04-01,Marcus Stoinis,12,10,0,1,120.00,Australia,1989-08-16,LSG,Lucknow,2023
2023-04-01,Nicholas Pooran,36,21,2,3,171.43,West Indies,1995-10-02,LSG,Lucknow,2023
2023-04-01,Ayush Badoni,18,7,1,2,257.14,India,1999-12-03,LSG,Lucknow,2023
2023-04-01,Krishnappa Gowtham,6,1,0,1,600.00,India,1988-10-20,LSG,Lucknow,2023
2023-04-01,Prithvi Shaw,12,9,2,0,133.33,India,1999-11-09,DC,Lucknow,2023
2023-04-01,David Warner,56,48,7,0,116.67,Australia,1986-10-27,DC,Lucknow,2023
2023-04-01,Mitchell Marsh,0,1,0,0,0.00,Australia,1991-10-20,DC,Lucknow,2023
2023-04-01,Sarfaraz Khan,4,9,1,0,44.44,India,1997-10-22,DC,Lucknow,2023
2023-04-01,Rilee Rossouw,30,20,3,1,150.00,South Africa,1989-10-09,DC,Lucknow,2023
2023-04-01,Rovman Powell,1,3,0,0,33.33,West Indies,1993-07-23,DC,Lucknow,2023
2023-04-01,Aman Hakim Khan,4,5,0,0,80.00,India,1996-11-23,DC,Lucknow,2023
2023-04-01,Axar Patel,16,11,1,1,145.45,India,1994-01-20,DC,Lucknow,2023
2023-04-01,Kuldeep Yadav,6,10,0,0,60.00,India,1994-12-14,DC,Lucknow,2023
2023-04-01,Chetan Sakariya,4,4,1,0,100.00,India,1998-02-28,DC,Lucknow,2023
2023-04-01,Mukesh Kumar,0,1,0,0,0.00,India,1993-10-12,DC,Lucknow,2023
2023-04-02,Yashasvi Jaiswal,54,37,9,0,145.95,India,2001-12-28,RR,Hyderabad,2023
2023-04-02,Jos Buttler,54,22,7,3,245.45,England,1990-09-08,RR,Hyderabad,2023
2023-04-02,Sanju Samson,55,32,3,4,171.88,India,1994-11-11,RR,Hyderabad,2023
2023-04-02,Devdutt Padikkal,2,5,0,0,40.00,India,2000-07-07,RR,Hyderabad,2023
2023-04-02,Riyan Parag,7,6,1,0,116.67,India,2001-11-10,RR,Hyderabad,2023
2023-04-02,Shimron Hetmyer,22,16,1,1,137.50,West Indies,1996-12-26,RR,Hyderabad,2023
2023-04-02,Ravichandran Ashwin,1,2,0,0,50.00,India,1986-09-17,RR,Hyderabad,2023
2023-04-02,Abhishek Sharma,0,3,0,0,0.00,India,2000-09-04,SH,Hyderabad,2023
2023-04-02,Mayank Agarwal,27,23,3,0,117.39,India,1991-02-16,SH,Hyderabad,2023
2023-04-02,Rahul Tripathi,0,2,0,0,0.00,India,1991-03-02,SH,Hyderabad,2023
2023-04-02,Harry Brook,13,21,1,0,61.90,England,1999-02-22,SH,Hyderabad,2023
2023-04-02,Washington Sundar,1,5,0,0,20.00,India,1999-10-05,SH,Hyderabad,2023
2023-04-02,Glenn Phillips,8,6,0,1,133.33,New Zealand,1996-12-06,SH,Hyderabad,2023
2023-04-02,Abdul Samad,32,32,2,1,100.00,India,2001-10-28,SH,Hyderabad,2023
2023-04-02,Adil Rashid,18,13,1,1,138.46,England,1988-02-17,SH,Hyderabad,2023
2023-04-02,Bhuvneshwar Kumar,6,10,0,0,60.00,India,1990-02-05,SH,Hyderabad,2023
2023-04-02,Umran Malik,19,8,1,2,237.50,India,1999-11-22,SH,Hyderabad,2023
2023-04-02,Rohit Sharma,1,10,0,0,10.00,India,1987-04-30,MI,Bengaluru,2023
2023-04-02,Ishan Kishan,10,13,2,0,76.92,India,1998-07-18,MI,Bengaluru,2023
2023-04-02,Cameron Green,5,4,1,0,125.00,Australia,1999-06-03,MI,Bengaluru,2023
2023-04-02,Suryakumar Yadav,15,16,1,0,93.75,India,1990-09-14,MI,Bengaluru,2023
2023-04-02,Tilak Varma,84,46,9,4,182.61,India,2002-11-08,MI,Bengaluru,2023
2023-04-02,Nehal Wadhera,21,13,1,2,161.54,India,2000-09-04,MI,Bengaluru,2023
2023-04-02,Tim David,4,7,0,0,57.14,Australia,1996-03-16,MI,Bengaluru,2023
2023-04-02,Hrithik Shokeen,5,3,1,0,166.67,India,2000-08-14,MI,Bengaluru,2023
2023-04-02,Arshad Khan,15,9,0,1,166.67,India,1997-12-20,MI,Bengaluru,2023
2023-04-02,Virat Kohli,82,49,6,5,167.35,India,1988-11-05,RCB,Bengaluru,2023
2023-04-02,Faf du Plessis,73,43,5,6,169.77,South Africa,1984-07-13,RCB,Bengaluru,2023
2023-04-02,Dinesh Karthik,0,3,0,0,0.00,India,1985-06-01,RCB,Bengaluru,2023
2023-04-02,Glenn Maxwell,12,3,0,2,400.00,Australia,1988-10-14,RCB,Bengaluru,2023
2023-04-03,Ruturaj Gaikwad,57,31,3,4,183.87,India,1997-01-31,CSK,Chennai,2023
2023-04-03,Devon Conway,47,29,5,2,162.07,New Zealand,1991-07-08,CSK,Chennai,2023
2023-04-03,Shivam Dube,27,16,1,3,168.75,India,1993-06-26,CSK,Chennai,2023
2023-04-03,Moeen Ali,19,13,3,0,146.15,England,1987-06-18,CSK,Chennai,2023
2023-04-03,Ben Stokes,8,8,1,0,100.00,England,1991-06-04,CSK,Chennai,2023
2023-04-03,Ambati Rayudu,27,14,2,2,192.86,India,1985-09-23,CSK,Chennai,2023
2023-04-03,Ravindra Jadeja,3,6,0,0,50.00,India,1988-12-06,CSK,Chennai,2023
2023-04-03,MS Dhoni,12,3,0,2,400.00,India,1981-07-07,CSK,Chennai,2023
2023-04-03,Mitchell Santner,1,1,0,0,100.00,New Zealand,1992-02-05,CSK,Chennai,2023
2023-04-03,KL Rahul,20,18,2,0,111.11,India,1992-04-18,LSG,Chennai,2023
2023-04-03,Kyle Mayers,53,22,8,2,240.91,West Indies,1992-09-08,LSG,Chennai,2023
2023-04-03,Deepak Hooda,2,6,0,0,33.33,India,1995-04-19,LSG,Chennai,2023
2023-04-03,Krunal Pandya,9,9,0,1,100.00,India,1991-03-24,LSG,Chennai,2023
2023-04-03,Marcus Stoinis,21,18,0,1,116.67,Australia,1989-08-16,LSG,Chennai,2023
2023-04-03,Nicholas Pooran,32,18,2,3,177.78,West Indies,1995-10-02,LSG,Chennai,2023
2023-04-03,Ayush Badoni,23,18,0,0,127.78,India,1999-12-03,LSG,Chennai,2023
2023-04-03,Krishnappa Gowtham,17,11,0,1,154.55,India,1988-10-20,LSG,Chennai,2023
2023-04-03,Mark Wood,10,3,1,1,333.33,England,1990-01-11,LSG,Chennai,2023
2023-04-04,David Warner,37,32,7,0,115.62,Australia,1986-10-27,DC,Delhi,2023
2023-04-04,Prithvi Shaw,7,5,1,0,140.00,India,1999-11-09,DC,Delhi,2023
2023-04-04,Mitchell Marsh,4,4,1,0,100.00,Australia,1991-10-20,DC,Delhi,2023
2023-04-04,Sarfaraz Khan,30,34,2,0,88.24,India,1997-10-22,DC,Delhi,2023
2023-04-04,Rilee Rossouw,0,1,0,0,0.00,South Africa,1989-10-09,DC,Delhi,2023
2023-04-04,Abishek Porel,20,11,0,2,181.82,India,2002-10-17,DC,Delhi,2023
2023-04-04,Axar Patel,36,22,2,3,163.64,India,1994-01-20,DC,Delhi,2023
2023-04-04,Aman Hakim Khan,8,8,0,1,100.00,India,1996-11-23,DC,Delhi,2023
2023-04-04,Kuldeep Yadav,1,1,0,0,100.00,India,1994-12-14,DC,Delhi,2023
2023-04-04,Anrich Nortje,4,2,1,0,200.00,South Africa,1993-11-16,DC,Delhi,2023
2023-04-04,Wriddhiman Saha,14,7,2,1,200.00,India,1984-10-24,GT,Delhi,2023
2023-04-04,Shubman Gill,14,13,3,0,107.69,India,1999-09-08,GT,Delhi,2023
2023-04-04,Sai Sudharsan,62,48,4,2,129.17,India,2001-10-15,GT,Delhi,2023
2023-04-04,Hardik Pandya,5,4,1,0,125.00,India,1993-10-11,GT,Delhi,2023
2023-04-04,Vijay Shankar,29,23,3,0,126.09,India,1991-01-26,GT,Delhi,2023
2023-04-04,David Miller,31,16,2,2,193.75,South Africa,1989-06-10,GT,Delhi,2023
2023-04-05,Prabhsimran Singh,60,34,7,3,176.47,India,2000-08-10,PK,Guwahati,2023
2023-04-05,Shikhar Dhawan,86,56,9,3,153.57,India,1985-12-05,PK,Guwahati,2023
2023-04-05,Bhanuka Rajapaksa,1,1,0,0,100.00,Sri Lanka,1991-10-24,PK,Guwahati,2023
2023-04-05,Jitesh Sharma,27,16,2,1,168.75,India,1993-10-22,PK,Guwahati,2023
2023-04-05,Sikandar Raza,1,2,0,0,50.00,Zimbabwe,1986-04-24,PK,Guwahati,2023
2023-04-05,Shahrukh Khan,11,10,1,0,110.00,India,1995-05-27,PK,Guwahati,2023
2023-04-05,Sam Curran,1,2,0,0,50.00,England,1998-06-03,PK,Guwahati,2023
2023-04-05,Yashasvi Jaiswal,11,8,1,1,137.50,India,2001-12-28,RR,Guwahati,2023
2023-04-05,Ravichandran Ashwin,0,4,0,0,0.00,India,1986-09-17,RR,Guwahati,2023
2023-04-05,Jos Buttler,19,11,1,1,172.73,England,1990-09-08,RR,Guwahati,2023
2023-04-05,Sanju Samson,42,25,5,1,168.00,India,1994-11-11,RR,Guwahati,2023
2023-04-05,Devdutt Padikkal,21,26,1,0,80.77,India,2000-07-07,RR,Guwahati,2023
2023-04-05,Riyan Parag,20,12,1,2,166.67,India,2001-11-10,RR,Guwahati,2023
2023-04-05,Shimron Hetmyer,36,18,1,3,200.00,West Indies,1996-12-26,RR,Guwahati,2023
2023-04-05,Dhruv Jurel,32,15,3,2,213.33,India,2001-01-21,RR,Guwahati,2023
2023-04-05,Jason Holder,1,1,0,0,100.00,West Indies,1991-11-05,RR,Guwahati,2023
2023-04-06,Rahmanullah Gurbaz,57,44,6,3,129.55,Afghanistan,2001-11-28,KKR,Kolkata,2023
2023-04-06,Venkatesh Iyer,3,7,0,0,42.86,India,1994-12-25,KKR,Kolkata,2023
2023-04-06,Mandeep Singh,0,1,0,0,0.00,India,1991-12-18,KKR,Kolkata,2023
2023-04-06,Nitish Rana,1,5,0,0,20.00,India,1993-12-27,KKR,Kolkata,2023
2023-04-06,Rinku Singh,46,33,2,3,139.39,India,1997-10-12,KKR,Kolkata,2023
2023-04-06,Andre Russell,0,1,0,0,0.00,West Indies,1988-04-29,KKR,Kolkata,2023
2023-04-06,Shardul Thakur,68,29,9,3,234.48,India,1991-10-16,KKR,Kolkata,2023
2023-04-06,Sunil Narine,0,1,0,0,0.00,West Indies,1988-05-26,KKR,Kolkata,2023
2023-04-06,Umesh Yadav,6,2,1,0,300.00,India,1987-10-25,KKR,Kolkata,2023
2023-04-06,Virat Kohli,21,18,3,0,116.67,India,1988-11-05,RCB,Kolkata,2023
2023-04-06,Faf du Plessis,23,12,2,2,191.67,South Africa,1984-07-13,RCB,Kolkata,2023
2023-04-06,Michael Bracewell,19,18,1,1,105.56,New Zealand,1991-02-14,RCB,Kolkata,2023
2023-04-06,Glenn Maxwell,5,7,1,0,71.43,Australia,1988-10-14,RCB,Kolkata,2023
2023-04-06,Harshal Patel,0,2,0,0,0.00,India,1990-11-23,RCB,Kolkata,2023
2023-04-06,Shahbaz Ahmed,1,5,0,0,20.00,India,1994-12-11,RCB,Kolkata,2023
2023-04-06,Dinesh Karthik,9,8,1,0,112.50,India,1985-06-01,RCB,Kolkata,2023
2023-04-06,Anuj Rawat,1,5,0,0,20.00,India,1999-10-17,RCB,Kolkata,2023
2023-04-06,David Willey,20,20,2,0,100.00,England,1990-02-28,RCB,Kolkata,2023
2023-04-06,Karn Sharma,1,3,0,0,33.33,India,1987-10-23,RCB,Kolkata,2023
2023-04-06,Akash Deep,17,8,2,1,212.50,India,1996-12-15,RCB,Kolkata,2023
2023-04-07,Anmolpreet Singh,31,26,3,1,119.23,India,1998-03-28,SH,Lucknow,2023
2023-04-07,Mayank Agarwal,8,7,1,0,114.29,India,1991-02-16,SH,Lucknow,2023
2023-04-07,Rahul Tripathi,35,41,4,0,85.37,India,1991-03-02,SH,Lucknow,2023
2023-04-07,Aiden Markram,0,1,0,0,0.00,South Africa,1994-10-04,SH,Lucknow,2023
2023-04-07,Harry Brook,3,4,0,0,75.00,England,1999-02-22,SH,Lucknow,2023
2023-04-07,Washington Sundar,16,28,0,0,57.14,India,1999-10-05,SH,Lucknow,2023
2023-04-07,Abdul Samad,21,10,1,2,210.00,India,2001-10-28,SH,Lucknow,2023
2023-04-07,Adil Rashid,4,3,1,0,133.33,England,1988-02-17,SH,Lucknow,2023
2023-04-07,Umran Malik,0,0,0,0,0.00,India,1999-11-22,SH,Lucknow,2023
2023-04-07,Bhuvneshwar Kumar,0,0,0,0,0.00,India,1990-02-05,SH,Lucknow,2023
2023-04-07,Kyle Mayers,13,14,2,0,92.86,West Indies,1992-09-08,LSG,Lucknow,2023
2023-04-07,KL Rahul,35,31,4,0,112.90,India,1992-04-18,LSG,Lucknow,2023
2023-04-07,Deepak Hooda,7,8,0,1,87.50,India,1995-04-19,LSG,Lucknow,2023
2023-04-07,Krunal Pandya,34,23,4,1,147.83,India,1991-03-24,LSG,Lucknow,2023
2023-04-07,Marcus Stoinis,10,13,2,0,76.92,Australia,1989-08-16,LSG,Lucknow,2023
2023-04-07,Romario Shepherd,0,1,0,0,0.00,West Indies,1994-11-26,LSG,Lucknow,2023
2023-04-07,Nicholas Pooran,11,6,1,1,183.33,West Indies,1995-10-02,LSG,Lucknow,2023
2023-04-08,Yashasvi Jaiswal,60,31,11,1,193.55,India,2001-12-28,RR,Guwahati,2023
2023-04-08,Jos Buttler,79,51,11,1,154.90,England,1990-09-08,RR,Guwahati,2023
2023-04-08,Sanju Samson,0,4,0,0,0.00,India,1994-11-11,RR,Guwahati,2023
2023-04-08,Riyan Parag,7,11,0,0,63.64,India,2001-11-10,RR,Guwahati,2023
2023-04-08,Shimron Hetmyer,39,21,1,4,185.71,West Indies,1996-12-26,RR,Guwahati,2023
2023-04-08,Dhruv Jurel,8,3,0,1,266.67,India,2001-01-21,RR,Guwahati,2023
2023-04-08,Prithvi Shaw,0,3,0,0,0.00,India,1999-11-09,DC,Guwahati,2023
2023-04-08,David Warner,65,55,7,0,118.18,Australia,1986-10-27,DC,Guwahati,2023
2023-04-08,Manish Pandey,0,1,0,0,0.00,India,1989-09-10,DC,Guwahati,2023
2023-04-08,Rilee Rossouw,14,12,2,0,116.67,South Africa,1989-10-09,DC,Guwahati,2023
2023-04-08,Lalit Yadav,38,24,5,0,158.33,India,1997-01-03,DC,Guwahati,2023
2023-04-08,Axar Patel,2,6,0,0,33.33,India,1994-01-20,DC,Guwahati,2023
2023-04-08,Rovman Powell,2,2,0,0,100.00,West Indies,1993-07-23,DC,Guwahati,2023
2023-04-08,Abishek Porel,7,9,1,0,77.78,India,2002-10-17,DC,Guwahati,2023
2023-04-08,Kuldeep Yadav,3,7,0,0,42.86,India,1994-12-14,DC,Guwahati,2023
2023-04-08,Anrich Nortje,0,1,0,0,0.00,South Africa,1993-11-16,DC,Guwahati,2023
2023-04-08,Mukesh Kumar,1,1,0,0,100.00,India,1993-10-12,DC,Guwahati,2023
2023-04-08,Rohit Sharma,21,13,3,1,161.54,India,1987-04-30,MI,Mumbai,2023
2023-04-08,Ishan Kishan,32,21,5,0,152.38,India,1998-07-18,MI,Mumbai,2023
2023-04-08,Cameron Green,12,11,1,0,109.09,Australia,1999-06-03,MI,Mumbai,2023
2023-04-08,Suryakumar Yadav,1,2,0,0,50.00,India,1990-09-14,MI,Mumbai,2023
2023-04-08,Tilak Varma,22,18,2,1,122.22,India,2002-11-08,MI,Mumbai,2023
2023-04-08,Arshad Khan,2,4,0,0,50.00,India,1997-12-20,MI,Mumbai,2023
2023-04-08,Tim David,31,22,1,2,140.91,Australia,1996-03-16,MI,Mumbai,2023
2023-04-08,Tristan Stubbs,5,10,0,0,50.00,South Africa,2000-08-14,MI,Mumbai,2023
2023-04-08,Hrithik Shokeen,18,13,3,0,138.46,India,2000-08-14,MI,Mumbai,2023
2023-04-08,Piyush Chawla,5,6,0,0,83.33,India,1988-12-24,MI,Mumbai,2023
2023-04-08,Devon Conway,0,4,0,0,0.00,New Zealand,1991-07-08,CSK,Mumbai,2023
2023-04-08,Ruturaj Gaikwad,40,36,2,1,111.11,India,1997-01-31,CSK,Mumbai,2023
2023-04-08,Ajinkya Rahane,61,27,7,3,225.93,India,1988-06-06,CSK,Mumbai,2023
2023-04-08,Shivam Dube,28,26,2,1,107.69,India,1993-06-26,CSK,Mumbai,2023
2023-04-08,Ambati Rayudu,20,16,3,0,125.00,India,1985-09-23,CSK,Mumbai,2023
2023-04-09,Wriddhiman Saha,17,17,3,0,100.00,India,1984-10-24,GT,Ahmedabad,2023
2023-04-09,Shubman Gill,39,31,5,0,125.81,India,1999-09-08,GT,Ahmedabad,2023
2023-04-09,Sai Sudharsan,53,38,3,2,139.47,India,2001-10-15,GT,Ahmedabad,2023
2023-04-09,Abhinav Manohar,14,8,3,0,175.00,India,1994-09-16,GT,Ahmedabad,2023
2023-04-09,Vijay Shankar,63,24,4,5,262.50,India,1991-01-26,GT,Ahmedabad,2023
2023-04-09,David Miller,2,3,0,0,66.67,South Africa,1989-06-10,GT,Ahmedabad,2023
2023-04-09,Rahmanullah Gurbaz,15,12,1,1,125.00,Afghanistan,2001-11-28,KKR,Ahmedabad,2023
2023-04-09,N Jagadeesan,6,8,1,0,75.00,India,1995-12-24,KKR,Ahmedabad,2023
2023-04-09,Venkatesh Iyer,83,40,8,5,207.50,India,1994-12-25,KKR,Ahmedabad,2023
2023-04-09,Nitish Rana,45,29,4,3,155.17,India,1993-12-27,KKR,Ahmedabad,2023
2023-04-09,Rinku Singh,48,21,1,6,228.57,India,1997-10-12,KKR,Ahmedabad,2023
2023-04-09,Andre Russell,1,2,0,0,50.00,West Indies,1988-04-29,KKR,Ahmedabad,2023
2023-04-09,Sunil Narine,0,1,0,0,0.00,West Indies,1988-05-26,KKR,Ahmedabad,2023
2023-04-09,Shardul Thakur,0,1,0,0,0.00,India,1991-10-16,KKR,Ahmedabad,2023
2023-04-09,Umesh Yadav,5,6,0,0,83.33,India,1987-10-25,KKR,Ahmedabad,2023
2023-04-09,Prabhsimran Singh,0,1,0,0,0.00,India,2000-08-10,PK,Hyderabad,2023
2023-04-09,Shikhar Dhawan,99,66,12,5,150.00,India,1985-12-05,PK,Hyderabad,2023
2023-04-09,Matthew Short,1,3,0,0,33.33,Australia,1995-11-08,PK,Hyderabad,2023
2023-04-09,Jitesh Sharma,4,9,1,0,44.44,India,1993-10-22,PK,Hyderabad,2023
2023-04-09,Sam Curran,22,15,3,1,146.67,England,1998-06-03,PK,Hyderabad,2023
2023-04-09,Sikandar Raza,5,6,0,0,83.33,Zimbabwe,1986-04-24,PK,Hyderabad,2023
2023-04-09,Shahrukh Khan,4,3,1,0,133.33,India,1995-05-27,PK,Hyderabad,2023
2023-04-09,Harpreet Brar,1,2,0,0,50.00,India,1995-09-16,PK,Hyderabad,2023
2023-04-09,Rahul Chahar,0,8,0,0,0.00,India,1999-08-04,PK,Hyderabad,2023
2023-04-09,Nathan Ellis,0,5,0,0,0.00,Australia,1994-09-22,PK,Hyderabad,2023
2023-04-09,Mohit Rathee,1,2,0,0,50.00,India,1999-01-13,PK,Hyderabad,2023
2023-04-09,Harry Brook,13,14,3,0,92.86,England,1999-02-22,SH,Hyderabad,2023
2023-04-09,Mayank Agarwal,21,20,3,0,105.00,India,1991-02-16,SH,Hyderabad,2023
2023-04-09,Rahul Tripathi,74,48,10,3,154.17,India,1991-03-02,SH,Hyderabad,2023
2023-04-09,Aiden Markram,37,21,6,0,176.19,South Africa,1994-10-04,SH,Hyderabad,2023
2023-04-10,Virat Kohli,61,44,4,4,138.64,India,1988-11-05,RCB,Bengaluru,2023
2023-04-10,Faf du Plessis,79,46,5,5,171.74,South Africa,1984-07-13,RCB,Bengaluru,2023
2023-04-10,Glenn Maxwell,59,29,3,6,203.45,Australia,1988-10-14,RCB,Bengaluru,2023
2023-04-10,Dinesh Karthik,1,1,0,0,100.00,India,1985-06-01,RCB,Bengaluru,2023
2023-04-10,Kyle Mayers,0,3,0,0,0.00,West Indies,1992-09-08,LSG,Bengaluru,2023
2023-04-10,KL Rahul,18,20,1,0,90.00,India,1992-04-18,LSG,Bengaluru,2023
2023-04-10,Deepak Hooda,9,10,1,0,90.00,India,1995-04-19,LSG,Bengaluru,2023
2023-04-10,Krunal Pandya,0,2,0,0,0.00,India,1991-03-24,LSG,Bengaluru,2023
2023-04-10,Marcus Stoinis,65,30,6,5,216.67,Australia,1989-08-16,LSG,Bengaluru,2023
2023-04-10,Nicholas Pooran,62,19,4,7,326.32,West Indies,1995-10-02,LSG,Bengaluru,2023
2023-04-10,Ayush Badoni,30,24,4,0,125.00,India,1999-12-03,LSG,Bengaluru,2023
2023-04-10,Jaydev Unadkat,9,7,1,0,128.57,India,1991-10-18,LSG,Bengaluru,2023
2023-04-10,Mark Wood,1,2,0,0,50.00,England,1990-01-11,LSG,Bengaluru,2023
2023-04-10,Ravi Bishnoi,3,2,0,0,150.00,India,2000-09-05,LSG,Bengaluru,2023
2023-04-10,Avesh Khan,0,1,0,0,0.00,India,1996-12-13,LSG,Bengaluru,2023
2023-04-11,David Warner,51,47,6,0,108.51,Australia,1986-10-27,DC,Delhi,2023
2023-04-11,Prithvi Shaw,15,10,3,0,150.00,India,1999-11-09,DC,Delhi,2023
2023-04-11,Manish Pandey,26,18,5,0,144.44,India,1989-09-10,DC,Delhi,2023
2023-04-11,Yash Dhull,2,4,0,0,50.00,India,2002-11-11,DC,Delhi,2023
2023-04-11,Rovman Powell,4,4,1,0,100.00,West Indies,1993-07-23,DC,Delhi,2023
2023-04-11,Lalit Yadav,2,4,0,0,50.00,India,1997-01-03,DC,Delhi,2023
2023-04-11,Axar Patel,54,25,4,5,216.00,India,1994-01-20,DC,Delhi,2023
2023-04-11,Abishek Porel,1,3,0,0,33.33,India,2002-10-17,DC,Delhi,2023
2023-04-11,Kuldeep Yadav,0,1,0,0,0.00,India,1994-12-14,DC,Delhi,2023
2023-04-11,Anrich Nortje,5,3,1,0,166.67,South Africa,1993-11-16,DC,Delhi,2023
2023-04-11,Mustafizur Rahman,1,1,0,0,100.00,Bangladesh,1995-09-06,DC,Delhi,2023
2023-04-11,Rohit Sharma,65,45,6,4,144.44,India,1987-04-30,MI,Delhi,2023
2023-04-11,Ishan Kishan,31,26,6,0,119.23,India,1998-07-18,MI,Delhi,2023
2023-04-11,Tilak Varma,41,29,1,4,141.38,India,2002-11-08,MI,Delhi,2023
2023-04-11,Suryakumar Yadav,0,1,0,0,0.00,India,1990-09-14,MI,Delhi,2023
2023-04-11,Tim David,13,11,0,1,118.18,Australia,1996-03-16,MI,Delhi,2023
2023-04-11,Cameron Green,17,8,1,1,212.50,Australia,1999-06-03,MI,Delhi,2023
2023-04-12,Yashasvi Jaiswal,10,8,2,0,125.00,India,2001-12-28,RR,Chennai,2023
2023-04-12,Jos Buttler,52,36,1,3,144.44,England,1990-09-08,RR,Chennai,2023
2023-04-12,Devdutt Padikkal,38,26,5,0,146.15,India,2000-07-07,RR,Chennai,2023
2023-04-12,Sanju Samson,0,2,0,0,0.00,India,1994-11-11,RR,Chennai,2023
2023-04-12,Ravichandran Ashwin,30,22,1,2,136.36,India,1986-09-17,RR,Chennai,2023
2023-04-12,Shimron Hetmyer,30,18,2,2,166.67,West Indies,1996-12-26,RR,Chennai,2023
2023-04-12,Dhruv Jurel,4,6,0,0,66.67,India,2001-01-21,RR,Chennai,2023
2023-04-12,Jason Holder,0,1,0,0,0.00,West Indies,1991-11-05,RR,Chennai,2023
2023-04-12,Adam Zampa,1,1,0,0,100.00,Australia,1992-03-31,RR,Chennai,2023
2023-04-12,Ruturaj Gaikwad,8,10,1,0,80.00,India,1997-01-31,CSK,Chennai,2023
2023-04-12,Devon Conway,50,38,6,0,131.58,New Zealand,1991-07-08,CSK,Chennai,2023
2023-04-12,Ajinkya Rahane,31,19,2,1,163.16,India,1988-06-06,CSK,Chennai,2023
2023-04-12,Shivam Dube,8,9,1,0,88.89,India,1993-06-26,CSK,Chennai,2023
2023-04-12,Moeen Ali,7,10,0,0,70.00,England,1987-06-18,CSK,Chennai,2023
2023-04-12,Ambati Rayudu,1,2,0,0,50.00,India,1985-09-23,CSK,Chennai,2023
2023-04-12,Ravindra Jadeja,25,15,1,2,166.67,India,1988-12-06,CSK,Chennai,2023
2023-04-12,MS Dhoni,32,17,1,3,188.24,India,1981-07-07,CSK,Chennai,2023
2023-04-13,Prabhsimran Singh,0,2,0,0,0.00,India,2000-08-10,PK,Mohali,2023
2023-04-13,Shikhar Dhawan,8,8,2,0,100.00,India,1985-12-05,PK,Mohali,2023
2023-04-13,Matthew Short,36,24,6,1,150.00,Australia,1995-11-08,PK,Mohali,2023
2023-04-13,Bhanuka Rajapaksa,20,26,1,0,76.92,Sri Lanka,1991-10-24,PK,Mohali,2023
2023-04-13,Jitesh Sharma,25,23,5,0,108.70,India,1993-10-22,PK,Mohali,2023
2023-04-13,Sam Curran,22,22,1,1,100.00,England,1998-06-03,PK,Mohali,2023
2023-04-13,Shahrukh Khan,22,9,1,2,244.44,India,1995-05-27,PK,Mohali,2023
2023-04-13,Harpreet Brar,8,5,0,1,160.00,India,1995-09-16,PK,Mohali,2023
2023-04-13,Rishi Dhawan,1,1,0,0,100.00,India,1990-02-19,PK,Mohali,2023
2023-04-13,Wriddhiman Saha,30,19,5,0,157.89,India,1984-10-24,GT,Mohali,2023
2023-04-13,Shubman Gill,67,49,7,1,136.73,India,1999-09-08,GT,Mohali,2023
2023-04-13,Sai Sudharsan,19,20,2,0,95.00,India,2001-10-15,GT,Mohali,2023
2023-04-13,Hardik Pandya,8,11,1,0,72.73,India,1993-10-11,GT,Mohali,2023
2023-04-13,David Miller,17,18,1,0,94.44,South Africa,1989-06-10,GT,Mohali,2023
2023-04-13,Rahul Tewatia,5,2,1,0,250.00,India,1993-05-20,GT,Mohali,2023
2023-04-14,Harry Brook,100,55,12,3,181.82,England,1999-02-22,SH,Kolkata,2023
2023-04-14,Mayank Agarwal,9,13,0,0,69.23,India,1991-02-16,SH,Kolkata,2023
2023-04-14,Rahul Tripathi,9,4,2,0,225.00,India,1991-03-02,SH,Kolkata,2023
2023-04-14,Aiden Markram,50,26,2,5,192.31,South Africa,1994-10-04,SH,Kolkata,2023
2023-04-14,Abhishek Sharma,32,17,3,2,188.24,India,2000-09-04,SH,Kolkata,2023
2023-04-14,Heinrich Klaasen,16,6,2,1,266.67,South Africa,1991-07-30,SH,Kolkata,2023
2023-04-14,Rahmanullah Gurbaz,0,3,0,0,0.00,Afghanistan,2001-11-28,KKR,Kolkata,2023
2023-04-14,N Jagadeesan,36,21,5,1,171.43,India,1995-12-24,KKR,Kolkata,2023
2023-04-14,Venkatesh Iyer,10,11,2,0,90.91,India,1994-12-25,KKR,Kolkata,2023
2023-04-14,Sunil Narine,0,1,0,0,0.00,West Indies,1988-05-26,KKR,Kolkata,2023
2023-04-14,Nitish Rana,75,41,5,6,182.93,India,1993-12-27,KKR,Kolkata,2023
2023-04-14,Andre Russell,3,6,0,0,50.00,West Indies,1988-04-29,KKR,Kolkata,2023
2023-04-14,Rinku Singh,58,31,4,4,187.10,India,1997-10-12,KKR,Kolkata,2023
2023-04-14,Shardul Thakur,12,7,2,0,171.43,India,1991-10-16,KKR,Kolkata,2023
2023-04-14,Umesh Yadav,1,1,0,0,100.00,India,1987-10-25,KKR,Kolkata,2023
2023-04-15,Virat Kohli,50,34,6,1,147.06,India,1988-11-05,RCB,Bengaluru,2023
2023-04-15,Faf du Plessis,22,16,3,1,137.50,South Africa,1984-07-13,RCB,Bengaluru,2023
2023-04-15,Mahipal Lomror,26,18,0,2,144.44,India,1999-11-16,RCB,Bengaluru,2023
2023-04-15,Glenn Maxwell,24,14,0,3,171.43,Australia,1988-10-14,RCB,Bengaluru,2023
2023-04-15,Harshal Patel,6,4,0,1,150.00,India,1990-11-23,RCB,Bengaluru,2023
2023-04-15,Shahbaz Ahmed,20,12,3,0,166.67,India,1994-12-11,RCB,Bengaluru,2023
2023-04-15,Dinesh Karthik,0,1,0,0,0.00,India,1985-06-01,RCB,Bengaluru,2023
2023-04-15,Anuj Rawat,15,22,1,0,68.18,India,1999-10-17,RCB,Bengaluru,2023
2023-04-15,David Warner,19,13,4,0,146.15,Australia,1986-10-27,DC,Bengaluru,2023
2023-04-15,Prithvi Shaw,0,2,0,0,0.00,India,1999-11-09,DC,Bengaluru,2023
2023-04-15,Mitchell Marsh,0,4,0,0,0.00,Australia,1991-10-20,DC,Bengaluru,2023
2023-04-15,Yash Dhull,1,4,0,0,25.00,India,2002-11-11,DC,Bengaluru,2023
2023-04-15,Manish Pandey,50,38,5,1,131.58,India,1989-09-10,DC,Bengaluru,2023
2023-04-15,Abishek Porel,5,8,0,0,62.50,India,2002-10-17,DC,Bengaluru,2023
2023-04-15,Axar Patel,21,14,3,0,150.00,India,1994-01-20,DC,Bengaluru,2023
2023-04-15,Aman Hakim Khan,18,10,1,1,180.00,India,1996-11-23,DC,Bengaluru,2023
2023-04-15,Lalit Yadav,4,7,0,0,57.14,India,1997-01-03,DC,Bengaluru,2023
2023-04-15,Anrich Nortje,23,14,4,0,164.29,South Africa,1993-11-16,DC,Bengaluru,2023
2023-04-15,Kuldeep Yadav,7,6,1,0,116.67,India,1994-12-14,DC,Bengaluru,2023
2023-04-15,KL Rahul,74,56,8,1,132.14,India,1992-04-18,LSG,Lucknow,2023
2023-04-15,Kyle Mayers,29,23,1,3,126.09,West Indies,1992-09-08,LSG,Lucknow,2023
2023-04-15,Deepak Hooda,2,3,0,0,66.67,India,1995-04-19,LSG,Lucknow,2023
2023-04-15,Krunal Pandya,18,17,2,0,105.88,India,1991-03-24,LSG,Lucknow,2023
2023-04-15,Nicholas Pooran,0,1,0,0,0.00,West Indies,1995-10-02,LSG,Lucknow,2023
2023-04-15,Marcus Stoinis,15,11,0,2,136.36,Australia,1989-08-16,LSG,Lucknow,2023
2023-04-15,Ayush Badoni,5,6,0,0,83.33,India,1999-12-03,LSG,Lucknow,2023
2023-04-15,Krishnappa Gowtham,1,2,0,0,50.00,India,1988-10-20,LSG,Lucknow,2023
2023-04-15,Yudhvir Singh Charak,0,1,0,0,0.00,India,1997-09-13,LSG,Lucknow,2023
2023-04-15,Ravi Bishnoi,3,1,0,0,300.00,India,2000-09-05,LSG,Lucknow,2023
2023-04-15,Atharva Taide,0,3,0,0,0.00,India,2000-04-26,PK,Lucknow,2023
2023-04-15,Prabhsimran Singh,4,4,1,0,100.00,India,2000-08-10,PK,Lucknow,2023
2023-04-15,Matthew Short,34,22,5,1,154.55,Australia,1995-11-08,PK,Lucknow,2023
2023-04-15,Harpreet Singh Bhatia,22,22,3,0,100.00,India,1991-08-11,PK,Lucknow,2023
2023-04-15,Sikandar Raza,57,41,4,3,139.02,Zimbabwe,1986-04-24,PK,Lucknow,2023
2023-04-15,Sam Curran,6,6,1,0,100.00,England,1998-06-03,PK,Lucknow,2023
2023-04-15,Jitesh Sharma,2,4,0,0,50.00,India,1993-10-22,PK,Lucknow,2023
2023-04-15,Shahrukh Khan,23,10,1,2,230.00,India,1995-05-27,PK,Lucknow,2023
2023-04-15,Harpreet Brar,6,4,1,0,150.00,India,1995-09-16,PK,Lucknow,2023
2023-04-15,Kagiso Rabada,0,1,0,0,0.00,South Africa,1995-05-25,PK,Lucknow,2023
2023-04-16,Rahmanullah Gurbaz,8,12,0,0,66.67,Afghanistan,2001-11-28,KKR,Mumbai,2023
2023-04-16,N Jagadeesan,0,5,0,0,0.00,India,1995-12-24,KKR,Mumbai,2023
2023-04-16,Venkatesh Iyer,104,51,6,9,203.92,India,1994-12-25,KKR,Mumbai,2023
2023-04-16,Nitish Rana,5,10,0,0,50.00,India,1993-12-27,KKR,Mumbai,2023
2023-04-16,Shardul Thakur,13,11,1,0,118.18,India,1991-10-16,KKR,Mumbai,2023
2023-04-16,Rinku Singh,18,18,2,0,100.00,India,1997-10-12,KKR,Mumbai,2023
2023-04-16,Andre Russell,21,11,3,1,190.91,West Indies,1988-04-29,KKR,Mumbai,2023
2023-04-16,Sunil Narine,2,2,0,0,100.00,West Indies,1988-05-26,KKR,Mumbai,2023
2023-04-16,Rohit Sharma,20,13,1,2,153.85,India,1987-04-30,MI,Mumbai,2023
2023-04-16,Ishan Kishan,58,25,5,5,232.00,India,1998-07-18,MI,Mumbai,2023
2023-04-16,Suryakumar Yadav,43,25,4,3,172.00,India,1990-09-14,MI,Mumbai,2023
2023-04-16,Tilak Varma,30,25,3,1,120.00,India,2002-11-08,MI,Mumbai,2023
2023-04-16,Tim David,24,13,1,2,184.62,Australia,1996-03-16,MI,Mumbai,2023
2023-04-16,Nehal Wadhera,6,4,1,0,150.00,India,2000-09-04,MI,Mumbai,2023
2023-04-16,Cameron Green,1,1,0,0,100.00,Australia,1999-06-03,MI,Mumbai,2023
2023-04-16,Wriddhiman Saha,4,3,1,0,133.33,India,1984-10-24,GT,Ahmedabad,2023
2023-04-16,Shubman Gill,45,34,4,1,132.35,India,1999-09-08,GT,Ahmedabad,2023
2023-04-16,Sai Sudharsan,20,19,2,0,105.26,India,2001-10-15,GT,Ahmedabad,2023
2023-04-16,Hardik Pandya,28,19,3,1,147.37,India,1993-10-11,GT,Ahmedabad,2023
2023-04-16,David Miller,46,30,3,2,153.33,South Africa,1989-06-10,GT,Ahmedabad,2023
2023-04-16,Abhinav Manohar,27,13,0,3,207.69,India,1994-09-16,GT,Ahmedabad,2023
2023-04-16,Rahul Tewatia,1,1,0,0,100.00,India,1993-05-20,GT,Ahmedabad,2023
2023-04-16,Rashid Khan,1,1,0,0,100.00,Afghanistan,1998-09-20,GT,Ahmedabad,2023
2023-04-16,Alzarri Joseph,0,0,0,0,0.00,West Indies,1996-11-20,GT,Ahmedabad,2023
2023-04-16,Yashasvi Jaiswal,1,7,0,0,14.29,India,2001-12-28,RR,Ahmedabad,2023
2023-04-16,Jos Buttler,0,5,0,0,0.00,England,1990-09-08,RR,Ahmedabad,2023
2023-04-16,Devdutt Padikkal,26,25,2,2,104.00,India,2000-07-07,RR,Ahmedabad,2023
2023-04-16,Sanju Samson,60,32,3,6,187.50,India,1994-11-11,RR,Ahmedabad,2023
2023-04-16,Riyan Parag,5,7,0,0,71.43,India,2001-11-10,RR,Ahmedabad,2023
2023-04-16,Shimron Hetmyer,56,26,2,5,215.38,West Indies,1996-12-26,RR,Ahmedabad,2023
2023-04-16,Dhruv Jurel,18,10,2,1,180.00,India,2001-01-21,RR,Ahmedabad,2023
2023-04-16,Ravichandran Ashwin,10,3,1,1,333.33,India,1986-09-17,RR,Ahmedabad,2023
2023-04-16,Trent Boult,0,1,0,0,0.00,New Zealand,1989-07-22,RR,Ahmedabad,2023
2023-04-17,Ruturaj Gaikwad,3,6,0,0,50.00,India,1997-01-31,CSK,Bengaluru,2023
2023-04-17,Devon Conway,83,45,6,6,184.44,New Zealand,1991-07-08,CSK,Bengaluru,2023
2023-04-17,Ajinkya Rahane,37,20,3,2,185.00,India,1988-06-06,CSK,Bengaluru,2023
2023-04-17,Shivam Dube,52,27,2,5,192.59,India,1993-06-26,CSK,Bengaluru,2023
2023-04-17,Ambati Rayudu,14,6,1,1,233.33,India,1985-09-23,CSK,Bengaluru,2023
2023-04-17,Moeen Ali,19,9,0,2,211.11,England,1987-06-18,CSK,Bengaluru,2023
2023-04-17,Ravindra Jadeja,10,8,0,1,125.00,India,1988-12-06,CSK,Bengaluru,2023
2023-04-17,MS Dhoni,1,1,0,0,100.00,India,1981-07-07,CSK,Bengaluru,2023
2023-04-17,Virat Kohli,6,4,1,0,150.00,India,1988-11-05,RCB,Bengaluru,2023
2023-04-17,Faf du Plessis,62,33,5,4,187.88,South Africa,1984-07-13,RCB,Bengaluru,2023
2023-04-17,Mahipal Lomror,0,5,0,0,0.00,India,1999-11-16,RCB,Bengaluru,2023
2023-04-17,Glenn Maxwell,76,36,3,8,211.11,Australia,1988-10-14,RCB,Bengaluru,2023
2023-04-17,Shahbaz Ahmed,12,10,0,1,120.00,India,1994-12-11,RCB,Bengaluru,2023
2023-04-17,Dinesh Karthik,28,14,3,1,200.00,India,1985-06-01,RCB,Bengaluru,2023
2023-04-17,Suyash Prabhudessai,19,11,0,2,172.73,India,1997-12-06,RCB,Bengaluru,2023
2023-04-17,Wayne Parnell,2,5,0,0,40.00,South Africa,1989-07-30,RCB,Bengaluru,2023
2023-04-17,Wanindu Hasaranga,2,2,0,0,100.00,Sri Lanka,1997-07-29,RCB,Bengaluru,2023
2023-04-18,Rohit Sharma,28,18,6,0,155.56,India,1987-04-30,MI,Hyderabad,2023
2023-04-18,Ishan Kishan,38,31,3,2,122.58,India,1998-07-18,MI,Hyderabad,2023
2023-04-18,Cameron Green,64,40,6,2,160.00,Australia,1999-06-03,MI,Hyderabad,2023
2023-04-18,Suryakumar Yadav,7,3,0,1,233.33,India,1990-09-14,MI,Hyderabad,2023
2023-04-18,Tilak Varma,37,17,2,4,217.65,India,2002-11-08,MI,Hyderabad,2023
2023-04-18,Tim David,16,11,2,0,145.45,Australia,1996-03-16,MI,Hyderabad,2023
2023-04-18,Harry Brook,9,7,2,0,128.57,England,1999-02-22,SH,Hyderabad,2023
2023-04-18,Mayank Agarwal,48,41,4,1,117.07,India,1991-02-16,SH,Hyderabad,2023
2023-04-18,Rahul Tripathi,7,5,1,0,140.00,India,1991-03-02,SH,Hyderabad,2023
2023-04-18,Aiden Markram,22,17,1,1,129.41,South Africa,1994-10-04,SH,Hyderabad,2023
2023-04-18,Abhishek Sharma,1,2,0,0,50.00,India,2000-09-04,SH,Hyderabad,2023
2023-04-18,Heinrich Klaasen,36,16,4,2,225.00,South Africa,1991-07-30,SH,Hyderabad,2023
2023-04-18,Abdul Samad,9,12,1,0,75.00,India,2001-10-28,SH,Hyderabad,2023
2023-04-18,Marco Jansen,13,6,3,0,216.67,South Africa,2000-05-01,SH,Hyderabad,2023
2023-04-18,Washington Sundar,10,6,2,0,166.67,India,1999-10-05,SH,Hyderabad,2023
2023-04-18,Bhuvneshwar Kumar,2,5,0,0,40.00,India,1990-02-05,SH,Hyderabad,2023
2023-04-18,Mayank Markande,2,2,0,0,100.00,India,1997-11-11,SH,Hyderabad,2023
2023-04-19,KL Rahul,39,32,4,1,121.88,India,1992-04-18,LSG,Jaipur,2023
2023-04-19,Kyle Mayers,51,42,4,3,121.43,West Indies,1992-09-08,LSG,Jaipur,2023
2023-04-19,Ayush Badoni,1,4,0,0,25.00,India,1999-12-03,LSG,Jaipur,2023
2023-04-19,Deepak Hooda,2,4,0,0,50.00,India,1995-04-19,LSG,Jaipur,2023
2023-04-19,Marcus Stoinis,21,16,2,0,131.25,Australia,1989-08-16,LSG,Jaipur,2023
2023-04-19,Nicholas Pooran,29,20,2,1,145.00,West Indies,1995-10-02,LSG,Jaipur,2023
2023-04-19,Krunal Pandya,4,2,1,0,200.00,India,1991-03-24,LSG,Jaipur,2023
2023-04-19,Yudhvir Singh Charak,1,1,0,0,100.00,India,1997-09-13,LSG,Jaipur,2023
2023-04-19,Yashasvi Jaiswal,44,35,4,2,125.71,India,2001-12-28,RR,Jaipur,2023
2023-04-19,Jos Buttler,40,41,4,1,97.56,England,1990-09-08,RR,Jaipur,2023
2023-04-19,Sanju Samson,2,4,0,0,50.00,India,1994-11-11,RR,Jaipur,2023
2023-04-19,Devdutt Padikkal,26,21,4,0,123.81,India,2000-07-07,RR,Jaipur,2023
2023-04-19,Shimron Hetmyer,2,5,0,0,40.00,West Indies,1996-12-26,RR,Jaipur,2023
2023-04-19,Riyan Parag,15,12,1,1,125.00,India,2001-11-10,RR,Jaipur,2023
2023-04-19,Dhruv Jurel,0,1,0,0,0.00,India,2001-01-21,RR,Jaipur,2023
2023-04-19,Ravichandran Ashwin,3,2,0,0,150.00,India,1986-09-17,RR,Jaipur,2023
2023-04-20,Virat Kohli,59,47,5,1,125.53,India,1988-11-05,RCB,Mohali,2023
2023-04-20,Faf du Plessis,84,56,5,5,150.00,South Africa,1984-07-13,RCB,Mohali,2023
2023-04-20,Glenn Maxwell,0,1,0,0,0.00,Australia,1988-10-14,RCB,Mohali,2023
2023-04-20,Dinesh Karthik,7,5,1,0,140.00,India,1985-06-01,RCB,Mohali,2023
2023-04-20,Mahipal Lomror,7,9,1,0,77.78,India,1999-11-16,RCB,Mohali,2023
2023-04-20,Shahbaz Ahmed,5,3,0,0,166.67,India,1994-12-11,RCB,Mohali,2023
2023-04-20,Atharva Taide,4,2,1,0,200.00,India,2000-04-26,PK,Mohali,2023
2023-04-20,Prabhsimran Singh,46,30,3,4,153.33,India,2000-08-10,PK,Mohali,2023
2023-04-20,Matthew Short,8,7,0,1,114.29,Australia,1995-11-08,PK,Mohali,2023
2023-04-20,Liam Livingstone,2,4,0,0,50.00,England,1993-08-04,PK,Mohali,2023
2023-04-20,Harpreet Singh Bhatia,13,9,1,1,144.44,India,1991-08-11,PK,Mohali,2023
2023-04-20,Sam Curran,10,12,1,0,83.33,England,1998-06-03,PK,Mohali,2023
2023-04-20,Jitesh Sharma,41,27,2,3,151.85,India,1993-10-22,PK,Mohali,2023
2023-04-20,Shahrukh Khan,7,5,0,1,140.00,India,1995-05-27,PK,Mohali,2023
2023-04-20,Harpreet Brar,13,13,1,0,100.00,India,1995-09-16,PK,Mohali,2023
2023-04-20,Nathan Ellis,1,2,0,0,50.00,Australia,1994-09-22,PK,Mohali,2023
2023-04-20,Arshdeep Singh,0,0,0,0,0.00,India,1999-02-05,PK,Mohali,2023
2023-04-20,Jason Roy,43,39,5,1,110.26,England,1990-07-21,KKR,Delhi,2023
2023-04-20,Litton Das,4,4,1,0,100.00,Bangladesh,1994-10-13,KKR,Delhi,2023
2023-04-20,Venkatesh Iyer,0,2,0,0,0.00,India,1994-12-25,KKR,Delhi,2023
2023-04-20,Nitish Rana,4,7,1,0,57.14,India,1993-12-27,KKR,Delhi,2023
2023-04-20,Mandeep Singh,12,11,0,1,109.09,India,1991-12-18,KKR,Delhi,2023
2023-04-20,Rinku Singh,6,8,1,0,75.00,India,1997-10-12,KKR,Delhi,2023
2023-04-20,Sunil Narine,4,6,1,0,66.67,West Indies,1988-05-26,KKR,Delhi,2023
2023-04-20,Andre Russell,38,31,1,4,122.58,West Indies,1988-04-29,KKR,Delhi,2023
2023-04-20,Anukul Roy,0,1,0,0,0.00,India,1998-11-30,KKR,Delhi,2023
2023-04-20,Umesh Yadav,3,5,0,0,60.00,India,1987-10-25,KKR,Delhi,2023
2023-04-20,Varun Chakaravarthy,1,6,0,0,16.67,India,1991-08-29,KKR,Delhi,2023
2023-04-20,David Warner,57,41,11,0,139.02,Australia,1986-10-27,DC,Delhi,2023
2023-04-20,Prithvi Shaw,13,11,2,0,118.18,India,1999-11-09,DC,Delhi,2023
2023-04-20,Mitchell Marsh,2,9,0,0,22.22,Australia,1991-10-20,DC,Delhi,2023
2023-04-20,Philip Salt,5,3,1,0,166.67,England,1996-08-28,DC,Delhi,2023
2023-04-20,Manish Pandey,21,23,2,0,91.30,India,1989-09-10,DC,Delhi,2023
2023-04-20,Axar Patel,19,22,1,0,86.36,India,1994-01-20,DC,Delhi,2023
2023-04-20,Aman Hakim Khan,0,2,0,0,0.00,India,1996-11-23,DC,Delhi,2023
2023-04-20,Lalit Yadav,4,7,0,0,57.14,India,1997-01-03,DC,Delhi,2023
2023-04-21,Harry Brook,18,13,3,0,138.46,England,1999-02-22,SH,Chennai,2023
2023-04-21,Abhishek Sharma,34,26,3,1,130.77,India,2000-09-04,SH,Chennai,2023
2023-04-21,Rahul Tripathi,21,21,1,1,100.00,India,1991-03-02,SH,Chennai,2023
2023-04-21,Aiden Markram,12,12,1,0,100.00,South Africa,1994-10-04,SH,Chennai,2023
2023-04-21,Heinrich Klaasen,17,16,1,0,106.25,South Africa,1991-07-30,SH,Chennai,2023
2023-04-21,Mayank Agarwal,2,4,0,0,50.00,India,1991-02-16,SH,Chennai,2023
2023-04-21,Marco Jansen,17,22,1,0,77.27,South Africa,2000-05-01,SH,Chennai,2023
2023-04-21,Washington Sundar,9,6,1,0,150.00,India,1999-10-05,SH,Chennai,2023
2023-04-21,Ruturaj Gaikwad,35,30,2,0,116.67,India,1997-01-31,CSK,Chennai,2023
2023-04-21,Devon Conway,77,57,12,1,135.09,New Zealand,1991-07-08,CSK,Chennai,2023
2023-04-21,Ajinkya Rahane,9,10,0,0,90.00,India,1988-06-06,CSK,Chennai,2023
2023-04-21,Ambati Rayudu,9,9,1,0,100.00,India,1985-09-23,CSK,Chennai,2023
2023-04-21,Moeen Ali,6,6,1,0,100.00,England,1987-06-18,CSK,Chennai,2023
2023-04-22,Wriddhiman Saha,47,37,6,0,127.03,India,1984-10-24,GT,Lucknow,2023
2023-04-22,Shubman Gill,0,2,0,0,0.00,India,1999-09-08,GT,Lucknow,2023
2023-04-22,Hardik Pandya,66,50,2,4,132.00,India,1993-10-11,GT,Lucknow,2023
2023-04-22,Abhinav Manohar,3,5,0,0,60.00,India,1994-09-16,GT,Lucknow,2023
2023-04-22,Vijay Shankar,10,12,1,0,83.33,India,1991-01-26,GT,Lucknow,2023
2023-04-22,David Miller,6,12,0,0,50.00,South Africa,1989-06-10,GT,Lucknow,2023
2023-04-22,Rahul Tewatia,2,2,0,0,100.00,India,1993-05-20,GT,Lucknow,2023
2023-04-22,KL Rahul,68,61,8,0,111.48,India,1992-04-18,LSG,Lucknow,2023
2023-04-22,Kyle Mayers,24,19,2,1,126.32,West Indies,1992-09-08,LSG,Lucknow,2023
2023-04-22,Krunal Pandya,23,23,2,1,100.00,India,1991-03-24,LSG,Lucknow,2023
2023-04-22,Nicholas Pooran,1,7,0,0,14.29,West Indies,1995-10-02,LSG,Lucknow,2023
2023-04-22,Ayush Badoni,8,6,0,0,133.33,India,1999-12-03,LSG,Lucknow,2023
2023-04-22,Marcus Stoinis,0,1,0,0,0.00,Australia,1989-08-16,LSG,Lucknow,2023
2023-04-22,Deepak Hooda,2,2,0,0,100.00,India,1995-04-19,LSG,Lucknow,2023
2023-04-22,Prerak Mankad,0,0,0,0,0.00,India,1994-04-23,LSG,Lucknow,2023
2023-04-22,Ravi Bishnoi,0,1,0,0,0.00,India,2000-09-05,LSG,Lucknow,2023
2023-04-22,Matthew Short,11,10,2,0,110.00,Australia,1995-11-08,PK,Mumbai,2023
2023-04-22,Prabhsimran Singh,26,17,1,2,152.94,India,2000-08-10,PK,Mumbai,2023
2023-04-22,Atharva Taide,29,17,3,1,170.59,India,2000-04-26,PK,Mumbai,2023
2023-04-22,Liam Livingstone,10,12,0,1,83.33,England,1993-08-04,PK,Mumbai,2023
2023-04-22,Harpreet Singh Bhatia,41,28,4,2,146.43,India,1991-08-11,PK,Mumbai,2023
2023-04-22,Sam Curran,55,29,5,4,189.66,England,1998-06-03,PK,Mumbai,2023
2023-04-22,Jitesh Sharma,25,7,0,4,357.14,India,1993-10-22,PK,Mumbai,2023
2023-04-22,Shahrukh Khan,0,0,0,0,0.00,India,1995-05-27,PK,Mumbai,2023
2023-04-22,Harpreet Brar,5,2,1,0,250.00,India,1995-09-16,PK,Mumbai,2023
2023-04-22,Rohit Sharma,44,27,4,3,162.96,India,1987-04-30,MI,Mumbai,2023
2023-04-22,Ishan Kishan,1,4,0,0,25.00,India,1998-07-18,MI,Mumbai,2023
2023-04-22,Cameron Green,67,43,6,3,155.81,Australia,1999-06-03,MI,Mumbai,2023
2023-04-22,Suryakumar Yadav,57,26,7,3,219.23,India,1990-09-14,MI,Mumbai,2023
2023-04-22,Tim David,25,13,0,2,192.31,Australia,1996-03-16,MI,Mumbai,2023
2023-04-22,Tilak Varma,3,4,0,0,75.00,India,2002-11-08,MI,Mumbai,2023
2023-04-22,Nehal Wadhera,0,1,0,0,0.00,India,2000-09-04,MI,Mumbai,2023
2023-04-22,Jofra Archer,1,2,0,0,50.00,England,1995-04-01,MI,Mumbai,2023
2023-04-23,Virat Kohli,0,1,0,0,0.00,India,1988-11-05,RCB,Bengaluru,2023
2023-04-23,Faf du Plessis,62,39,8,2,158.97,South Africa,1984-07-13,RCB,Bengaluru,2023
2023-04-23,Shahbaz Ahmed,2,4,0,0,50.00,India,1994-12-11,RCB,Bengaluru,2023
2023-04-23,Glenn Maxwell,77,44,6,4,175.00,Australia,1988-10-14,RCB,Bengaluru,2023
2023-04-23,Mahipal Lomror,8,6,1,0,133.33,India,1999-11-16,RCB,Bengaluru,2023
2023-04-23,Dinesh Karthik,16,13,2,0,123.08,India,1985-06-01,RCB,Bengaluru,2023
2023-04-23,Suyash Prabhudessai,0,2,0,0,0.00,India,1997-12-06,RCB,Bengaluru,2023
2023-04-23,Wanindu Hasaranga,6,7,0,0,85.71,Sri Lanka,1997-07-29,RCB,Bengaluru,2023
2023-04-23,David Willey,4,2,1,0,200.00,England,1990-02-28,RCB,Bengaluru,2023
2023-04-23,Vijaykumar Vyshak,0,1,0,0,0.00,India,1997-01-31,RCB,Bengaluru,2023
2023-04-23,Mohammed Siraj,1,1,0,0,100.00,India,1994-03-13,RCB,Bengaluru,2023
2023-04-23,Yashasvi Jaiswal,47,37,5,2,127.03,India,2001-12-28,RR,Bengaluru,2023
2023-04-23,Jos Buttler,0,2,0,0,0.00,England,1990-09-08,RR,Bengaluru,2023
2023-04-23,Devdutt Padikkal,52,34,7,1,152.94,India,2000-07-07,RR,Bengaluru,2023
2023-04-23,Sanju Samson,22,15,2,1,146.67,India,1994-11-11,RR,Bengaluru,2023
2023-04-23,Shimron Hetmyer,3,9,0,0,33.33,West Indies,1996-12-26,RR,Bengaluru,2023
2023-04-23,Dhruv Jurel,34,16,2,2,212.50,India,2001-01-21,RR,Bengaluru,2023
2023-04-23,Ravichandran Ashwin,12,6,2,0,200.00,India,1986-09-17,RR,Bengaluru,2023
2023-04-23,Abdul Basith,1,1,0,0,100.00,India,1998-10-09,RR,Bengaluru,2023
2023-04-23,Ruturaj Gaikwad,35,20,2,3,175.00,India,1997-01-31,CSK,Kolkata,2023
2023-04-23,Devon Conway,56,40,4,3,140.00,New Zealand,1991-07-08,CSK,Kolkata,2023
2023-04-23,Ajinkya Rahane,71,29,6,5,244.83,India,1988-06-06,CSK,Kolkata,2023
2023-04-23,Shivam Dube,50,21,2,5,238.10,India,1993-06-26,CSK,Kolkata,2023
2023-04-23,Ravindra Jadeja,18,8,0,2,225.00,India,1988-12-06,CSK,Kolkata,2023
2023-04-23,MS Dhoni,2,3,0,0,66.67,India,1981-07-07,CSK,Kolkata,2023
2023-04-23,N Jagadeesan,1,3,0,0,33.33,India,1995-12-24,KKR,Kolkata,2023
2023-04-23,Sunil Narine,0,3,0,0,0.00,West Indies,1988-05-26,KKR,Kolkata,2023
2023-04-23,Venkatesh Iyer,20,20,2,1,100.00,India,1994-12-25,KKR,Kolkata,2023
2023-04-23,Nitish Rana,27,20,4,1,135.00,India,1993-12-27,KKR,Kolkata,2023
2023-04-23,Jason Roy,61,26,5,5,234.62,England,1990-07-21,KKR,Kolkata,2023
2023-04-23,Rinku Singh,53,33,3,4,160.61,India,1997-10-12,KKR,Kolkata,2023
2023-04-23,Andre Russell,9,6,0,1,150.00,West Indies,1988-04-29,KKR,Kolkata,2023
2023-04-23,David Wiese,1,2,0,0,50.00,Namibia,1985-05-18,KKR,Kolkata,2023
2023-04-23,Umesh Yadav,4,4,0,0,100.00,India,1987-10-25,KKR,Kolkata,2023
2023-04-23,Varun Chakaravarthy,0,3,0,0,0.00,India,1991-08-29,KKR,Kolkata,2023
2023-04-24,David Warner,21,20,2,1,105.00,Australia,1986-10-27,DC,Hyderabad,2023
2023-04-24,Philip Salt,0,1,0,0,0.00,England,1996-08-28,DC,Hyderabad,2023
2023-04-24,Mitchell Marsh,25,15,5,0,166.67,Australia,1991-10-20,DC,Hyderabad,2023
2023-04-24,Sarfaraz Khan,10,9,0,1,111.11,India,1997-10-22,DC,Hyderabad,2023
2023-04-24,Manish Pandey,34,27,2,0,125.93,India,1989-09-10,DC,Hyderabad,2023
2023-04-24,Aman Hakim Khan,4,2,1,0,200.00,India,1996-11-23,DC,Hyderabad,2023
2023-04-24,Axar Patel,34,34,4,0,100.00,India,1994-01-20,DC,Hyderabad,2023
2023-04-24,Ripal Patel,5,6,0,0,83.33,India,1995-09-28,DC,Hyderabad,2023
2023-04-24,Anrich Nortje,2,2,0,0,100.00,South Africa,1993-11-16,DC,Hyderabad,2023
2023-04-24,Kuldeep Yadav,4,3,1,0,133.33,India,1994-12-14,DC,Hyderabad,2023
2023-04-24,Ishant Sharma,1,1,0,0,100.00,India,1988-09-02,DC,Hyderabad,2023
2023-04-24,Harry Brook,7,14,0,0,50.00,England,1999-02-22,SH,Hyderabad,2023
2023-04-24,Mayank Agarwal,49,39,7,0,125.64,India,1991-02-16,SH,Hyderabad,2023
2023-04-24,Rahul Tripathi,15,21,0,0,71.43,India,1991-03-02,SH,Hyderabad,2023
2023-04-24,Abhishek Sharma,5,5,0,0,100.00,India,2000-09-04,SH,Hyderabad,2023
2023-04-24,Aiden Markram,3,5,0,0,60.00,South Africa,1994-10-04,SH,Hyderabad,2023
2023-04-24,Heinrich Klaasen,31,19,3,1,163.16,South Africa,1991-07-30,SH,Hyderabad,2023
2023-04-24,Washington Sundar,24,15,3,0,160.00,India,1999-10-05,SH,Hyderabad,2023
2023-04-24,Marco Jansen,2,3,0,0,66.67,South Africa,2000-05-01,SH,Hyderabad,2023
2023-04-25,Wriddhiman Saha,4,7,0,0,57.14,India,1984-10-24,GT,Ahmedabad,2023
2023-04-25,Shubman Gill,56,34,7,1,164.71,India,1999-09-08,GT,Ahmedabad,2023
2023-04-25,Hardik Pandya,13,14,1,0,92.86,India,1993-10-11,GT,Ahmedabad,2023
2023-04-25,Vijay Shankar,19,16,1,1,118.75,India,1991-01-26,GT,Ahmedabad,2023
2023-04-25,David Miller,46,22,2,4,209.09,South Africa,1989-06-10,GT,Ahmedabad,2023
2023-04-25,Abhinav Manohar,42,21,3,3,200.00,India,1994-09-16,GT,Ahmedabad,2023
2023-04-25,Rahul Tewatia,20,5,0,3,400.00,India,1993-05-20,GT,Ahmedabad,2023
2023-04-25,Rashid Khan,2,1,0,0,200.00,Afghanistan,1998-09-20,GT,Ahmedabad,2023
2023-04-25,Rohit Sharma,2,8,0,0,25.00,India,1987-04-30,MI,Ahmedabad,2023
2023-04-25,Ishan Kishan,13,21,1,0,61.90,India,1998-07-18,MI,Ahmedabad,2023
2023-04-25,Cameron Green,33,26,0,3,126.92,Australia,1999-06-03,MI,Ahmedabad,2023
2023-04-25,Tilak Varma,2,3,0,0,66.67,India,2002-11-08,MI,Ahmedabad,2023
2023-04-25,Suryakumar Yadav,23,12,3,1,191.67,India,1990-09-14,MI,Ahmedabad,2023
2023-04-25,Tim David,0,2,0,0,0.00,Australia,1996-03-16,MI,Ahmedabad,2023
2023-04-25,Nehal Wadhera,40,21,3,3,190.48,India,2000-09-04,MI,Ahmedabad,2023
2023-04-25,Piyush Chawla,18,12,1,1,150.00,India,1988-12-24,MI,Ahmedabad,2023
2023-04-25,Arjun Tendulkar,13,9,0,1,144.44,India,1999-09-24,MI,Ahmedabad,2023
2023-04-25,Jason Behrendorff,3,4,0,0,75.00,Australia,1990-04-20,MI,Ahmedabad,2023
2023-04-25,Riley Meredith,0,2,0,0,0.00,Australia,1996-06-21,MI,Ahmedabad,2023
2023-04-26,Jason Roy,56,29,4,5,193.10,England,1990-07-21,KKR,Bengaluru,2023
2023-04-26,N Jagadeesan,27,29,4,0,93.10,India,1995-12-24,KKR,Bengaluru,2023
2023-04-26,Venkatesh Iyer,31,26,3,0,119.23,India,1994-12-25,KKR,Bengaluru,2023
2023-04-26,Nitish Rana,48,21,3,4,228.57,India,1993-12-27,KKR,Bengaluru,2023
2023-04-26,Andre Russell,1,2,0,0,50.00,West Indies,1988-04-29,KKR,Bengaluru,2023
2023-04-26,Rinku Singh,18,10,2,1,180.00,India,1997-10-12,KKR,Bengaluru,2023
2023-04-26,David Wiese,12,3,0,2,400.00,Namibia,1985-05-18,KKR,Bengaluru,2023
2023-04-26,Virat Kohli,54,37,6,0,145.95,India,1988-11-05,RCB,Bengaluru,2023
2023-04-26,Faf du Plessis,17,7,1,2,242.86,South Africa,1984-07-13,RCB,Bengaluru,2023
2023-04-26,Shahbaz Ahmed,2,5,0,0,40.00,India,1994-12-11,RCB,Bengaluru,2023
2023-04-26,Glenn Maxwell,5,4,1,0,125.00,Australia,1988-10-14,RCB,Bengaluru,2023
2023-04-26,Mahipal Lomror,34,18,1,3,188.89,India,1999-11-16,RCB,Bengaluru,2023
2023-04-26,Dinesh Karthik,22,18,1,1,122.22,India,1985-06-01,RCB,Bengaluru,2023
2023-04-26,Suyash Prabhudessai,10,9,1,0,111.11,India,1997-12-06,RCB,Bengaluru,2023
2023-04-26,Wanindu Hasaranga,5,4,0,0,125.00,Sri Lanka,1997-07-29,RCB,Bengaluru,2023
2023-04-26,David Willey,11,10,1,0,110.00,England,1990-02-28,RCB,Bengaluru,2023
2023-04-26,Vijaykumar Vyshak,13,8,0,1,162.50,India,1997-01-31,RCB,Bengaluru,2023
2023-04-27,Yashasvi Jaiswal,77,43,8,4,179.07,India,2001-12-28,RR,Jaipur,2023
2023-04-27,Jos Buttler,27,21,4,0,128.57,England,1990-09-08,RR,Jaipur,2023
2023-04-27,Sanju Samson,17,17,1,0,100.00,India,1994-11-11,RR,Jaipur,2023
2023-04-27,Shimron Hetmyer,8,10,0,0,80.00,West Indies,1996-12-26,RR,Jaipur,2023
2023-04-27,Dhruv Jurel,34,15,3,2,226.67,India,2001-01-21,RR,Jaipur,2023
2023-04-27,Devdutt Padikkal,27,13,5,0,207.69,India,2000-07-07,RR,Jaipur,2023
2023-04-27,Ravichandran Ashwin,1,1,0,0,100.00,India,1986-09-17,RR,Jaipur,2023
2023-04-27,Ruturaj Gaikwad,47,29,5,1,162.07,India,1997-01-31,CSK,Jaipur,2023
2023-04-27,Devon Conway,8,16,1,0,50.00,New Zealand,1991-07-08,CSK,Jaipur,2023
2023-04-27,Ajinkya Rahane,15,13,0,0,115.38,India,1988-06-06,CSK,Jaipur,2023
2023-04-27,Shivam Dube,52,33,2,4,157.58,India,1993-06-26,CSK,Jaipur,2023
2023-04-27,Ambati Rayudu,0,2,0,0,0.00,India,1985-09-23,CSK,Jaipur,2023
2023-04-27,Moeen Ali,23,12,2,2,191.67,England,1987-06-18,CSK,Jaipur,2023
2023-04-27,Ravindra Jadeja,23,15,3,0,153.33,India,1988-12-06,CSK,Jaipur,2023
2023-04-28,KL Rahul,12,9,1,1,133.33,India,1992-04-18,LSG,Mohali,2023
2023-04-28,Kyle Mayers,54,24,7,4,225.00,West Indies,1992-09-08,LSG,Mohali,2023
2023-04-28,Ayush Badoni,43,24,3,3,179.17,India,1999-12-03,LSG,Mohali,2023
2023-04-28,Marcus Stoinis,72,40,6,5,180.00,Australia,1989-08-16,LSG,Mohali,2023
2023-04-28,Nicholas Pooran,45,19,7,1,236.84,West Indies,1995-10-02,LSG,Mohali,2023
2023-04-28,Deepak Hooda,11,6,2,0,183.33,India,1995-04-19,LSG,Mohali,2023
2023-04-28,Krunal Pandya,5,2,1,0,250.00,India,1991-03-24,LSG,Mohali,2023
2023-04-28,Prabhsimran Singh,9,13,2,0,69.23,India,2000-08-10,PK,Mohali,2023
2023-04-28,Shikhar Dhawan,1,2,0,0,50.00,India,1985-12-05,PK,Mohali,2023
2023-04-28,Atharva Taide,66,36,8,2,183.33,India,2000-04-26,PK,Mohali,2023
2023-04-28,Sikandar Raza,36,22,4,1,163.64,Zimbabwe,1986-04-24,PK,Mohali,2023
2023-04-28,Liam Livingstone,23,14,2,1,164.29,England,1993-08-04,PK,Mohali,2023
2023-04-28,Sam Curran,21,11,2,1,190.91,England,1998-06-03,PK,Mohali,2023
2023-04-28,Jitesh Sharma,24,10,0,3,240.00,India,1993-10-22,PK,Mohali,2023
2023-04-28,Shahrukh Khan,6,9,0,0,66.67,India,1995-05-27,PK,Mohali,2023
2023-04-28,Rahul Chahar,0,1,0,0,0.00,India,1999-08-04,PK,Mohali,2023
2023-04-28,Kagiso Rabada,0,1,0,0,0.00,South Africa,1995-05-25,PK,Mohali,2023
2023-04-28,Arshdeep Singh,2,2,0,0,100.00,India,1999-02-05,PK,Mohali,2023
2023-04-29,N Jagadeesan,19,15,4,0,126.67,India,1995-12-24,KKR,Kolkata,2023
2023-04-29,Rahmanullah Gurbaz,81,39,5,7,207.69,Afghanistan,2001-11-28,KKR,Kolkata,2023
2023-04-29,Shardul Thakur,0,4,0,0,0.00,India,1991-10-16,KKR,Kolkata,2023
2023-04-29,Venkatesh Iyer,11,14,0,0,78.57,India,1994-12-25,KKR,Kolkata,2023
2023-04-29,Nitish Rana,4,3,1,0,133.33,India,1993-12-27,KKR,Kolkata,2023
2023-04-29,Rinku Singh,19,20,0,1,95.00,India,1997-10-12,KKR,Kolkata,2023
2023-04-29,Andre Russell,34,19,2,3,178.95,West Indies,1988-04-29,KKR,Kolkata,2023
2023-04-29,David Wiese,8,6,0,1,133.33,Namibia,1985-05-18,KKR,Kolkata,2023
2023-04-29,Wriddhiman Saha,10,10,1,0,100.00,India,1984-10-24,GT,Kolkata,2023
2023-04-29,Shubman Gill,49,35,8,0,140.00,India,1999-09-08,GT,Kolkata,2023
2023-04-29,Hardik Pandya,26,20,2,1,130.00,India,1993-10-11,GT,Kolkata,2023
2023-04-29,Vijay Shankar,51,24,2,5,212.50,India,1991-01-26,GT,Kolkata,2023
2023-04-29,David Miller,32,18,2,2,177.78,South Africa,1989-06-10,GT,Kolkata,2023
2023-04-29,Abhishek Sharma,67,36,12,1,186.11,India,2000-09-04,SH,Delhi,2023
2023-04-29,Mayank Agarwal,5,6,1,0,83.33,India,1991-02-16,SH,Delhi,2023
2023-04-29,Rahul Tripathi,10,6,0,1,166.67,India,1991-03-02,SH,Delhi,2023
2023-04-29,Aiden Markram,8,13,0,0,61.54,South Africa,1994-10-04,SH,Delhi,2023
2023-04-29,Harry Brook,0,2,0,0,0.00,England,1999-02-22,SH,Delhi,2023
2023-04-29,Heinrich Klaasen,53,27,2,4,196.30,South Africa,1991-07-30,SH,Delhi,2023
2023-04-29,Abdul Samad,28,21,1,2,133.33,India,2001-10-28,SH,Delhi,2023
2023-04-29,Akeal Hosein,16,10,1,1,160.00,West Indies,1993-04-25,SH,Delhi,2023
2023-04-29,David Warner,0,2,0,0,0.00,Australia,1986-10-27,DC,Delhi,2023
2023-04-29,Philip Salt,59,35,9,0,168.57,England,1996-08-28,DC,Delhi,2023
2023-04-29,Mitchell Marsh,63,39,1,6,161.54,Australia,1991-10-20,DC,Delhi,2023
2023-04-29,Manish Pandey,1,3,0,0,33.33,India,1989-09-10,DC,Delhi,2023
2023-04-29,Priyam Garg,12,9,1,0,133.33,India,2000-11-30,DC,Delhi,2023
2023-04-29,Sarfaraz Khan,9,10,1,0,90.00,India,1997-10-22,DC,Delhi,2023
2023-04-29,Axar Patel,29,14,1,2,207.14,India,1994-01-20,DC,Delhi,2023
2023-04-29,Ripal Patel,11,8,1,0,137.50,India,1995-09-28,DC,Delhi,2023
2023-04-30,Ruturaj Gaikwad,37,31,4,1,119.35,India,1997-01-31,CSK,Chennai,2023
2023-04-30,Devon Conway,92,52,16,1,176.92,New Zealand,1991-07-08,CSK,Chennai,2023
2023-04-30,Shivam Dube,28,17,1,2,164.71,India,1993-06-26,CSK,Chennai,2023
2023-04-30,Moeen Ali,10,6,2,0,166.67,England,1987-06-18,CSK,Chennai,2023
2023-04-30,Ravindra Jadeja,12,10,0,0,120.00,India,1988-12-06,CSK,Chennai,2023
2023-04-30,MS Dhoni,13,4,0,2,325.00,India,1981-07-07,CSK,Chennai,2023
2023-04-30,Prabhsimran Singh,42,24,4,2,175.00,India,2000-08-10,PK,Chennai,2023
2023-04-30,Shikhar Dhawan,28,15,4,1,186.67,India,1985-12-05,PK,Chennai,2023
2023-04-30,Atharva Taide,13,17,0,0,76.47,India,2000-04-26,PK,Chennai,2023
2023-04-30,Liam Livingstone,40,24,1,4,166.67,England,1993-08-04,PK,Chennai,2023
2023-04-30,Sam Curran,29,20,1,1,145.00,England,1998-06-03,PK,Chennai,2023
2023-04-30,Jitesh Sharma,21,10,2,1,210.00,India,1993-10-22,PK,Chennai,2023
2023-04-30,Shahrukh Khan,2,3,0,0,66.67,India,1995-05-27,PK,Chennai,2023
2023-04-30,Sikandar Raza,13,7,1,0,185.71,Zimbabwe,1986-04-24,PK,Chennai,2023
2023-04-30,Yashasvi Jaiswal,124,62,16,8,200.00,India,2001-12-28,RR,Mumbai,2023
2023-04-30,Jos Buttler,18,19,2,1,94.74,England,1990-09-08,RR,Mumbai,2023
2023-04-30,Sanju Samson,14,10,1,1,140.00,India,1994-11-11,RR,Mumbai,2023
2023-04-30,Devdutt Padikkal,2,4,0,0,50.00,India,2000-07-07,RR,Mumbai,2023
2023-04-30,Jason Holder,11,9,0,1,122.22,West Indies,1991-11-05,RR,Mumbai,2023
2023-04-30,Shimron Hetmyer,8,9,0,1,88.89,West Indies,1996-12-26,RR,Mumbai,2023
2023-04-30,Dhruv Jurel,2,3,0,0,66.67,India,2001-01-21,RR,Mumbai,2023
2023-04-30,Ravichandran Ashwin,8,5,1,0,160.00,India,1986-09-17,RR,Mumbai,2023
2023-04-30,Trent Boult,0,0,0,0,0.00,New Zealand,1989-07-22,RR,Mumbai,2023
2023-04-30,Rohit Sharma,3,5,0,0,60.00,India,1987-04-30,MI,Mumbai,2023
2023-04-30,Ishan Kishan,28,23,4,0,121.74,India,1998-07-18,MI,Mumbai,2023
2023-04-30,Cameron Green,44,26,4,2,169.23,Australia,1999-06-03,MI,Mumbai,2023
2023-04-30,Suryakumar Yadav,55,29,8,2,189.66,India,1990-09-14,MI,Mumbai,2023
2023-04-30,Tilak Varma,29,21,3,1,138.10,India,2002-11-08,MI,Mumbai,2023
2023-04-30,Tim David,45,14,2,5,321.43,Australia,1996-03-16,MI,Mumbai,2023
2023-05-01,Virat Kohli,31,30,3,0,103.33,India,1988-11-05,RCB,Lucknow,2023
2023-05-01,Faf du Plessis,44,40,1,1,110.00,South Africa,1984-07-13,RCB,Lucknow,2023
2023-05-01,Anuj Rawat,9,11,0,0,81.82,India,1999-10-17,RCB,Lucknow,2023
2023-05-01,Glenn Maxwell,4,5,0,0,80.00,Australia,1988-10-14,RCB,Lucknow,2023
2023-05-01,Suyash Prabhudessai,6,7,0,0,85.71,India,1997-12-06,RCB,Lucknow,2023
2023-05-01,Dinesh Karthik,16,11,1,1,145.45,India,1985-06-01,RCB,Lucknow,2023
2023-05-01,Mahipal Lomror,3,4,0,0,75.00,India,1999-11-16,RCB,Lucknow,2023
2023-05-01,Wanindu Hasaranga,8,7,1,0,114.29,Sri Lanka,1997-07-29,RCB,Lucknow,2023
2023-05-01,Karn Sharma,2,2,0,0,100.00,India,1987-10-23,RCB,Lucknow,2023
2023-05-01,Mohammed Siraj,0,1,0,0,0.00,India,1994-03-13,RCB,Lucknow,2023
2023-05-01,Josh Hazlewood,1,2,0,0,50.00,Australia,1991-01-08,RCB,Lucknow,2023
2023-05-01,Kyle Mayers,0,2,0,0,0.00,West Indies,1992-09-08,LSG,Lucknow,2023
2023-05-01,Ayush Badoni,4,11,0,0,36.36,India,1999-12-03,LSG,Lucknow,2023
2023-05-01,Krunal Pandya,14,11,3,0,127.27,India,1991-03-24,LSG,Lucknow,2023
2023-05-01,Deepak Hooda,1,2,0,0,50.00,India,1995-04-19,LSG,Lucknow,2023
2023-05-01,Marcus Stoinis,13,19,0,1,68.42,Australia,1989-08-16,LSG,Lucknow,2023
2023-05-01,Nicholas Pooran,9,7,0,1,128.57,West Indies,1995-10-02,LSG,Lucknow,2023
2023-05-01,Krishnappa Gowtham,23,13,1,2,176.92,India,1988-10-20,LSG,Lucknow,2023
2023-05-01,Ravi Bishnoi,5,10,0,0,50.00,India,2000-09-05,LSG,Lucknow,2023
2023-05-01,Amit Mishra,19,30,2,0,63.33,India,1982-11-24,LSG,Lucknow,2023
2023-05-01,Naveen-ul-Haq,13,13,2,0,100.00,Afghanistan,1999-09-23,LSG,Lucknow,2023
2023-05-01,KL Rahul,0,3,0,0,0.00,India,1992-04-18,LSG,Lucknow,2023
2023-05-02,Philip Salt,0,1,0,0,0.00,England,1996-08-28,DC,Ahmedabad,2023
2023-05-02,David Warner,2,2,0,0,100.00,Australia,1986-10-27,DC,Ahmedabad,2023
2023-05-02,Priyam Garg,10,14,0,0,71.43,India,2000-11-30,DC,Ahmedabad,2023
2023-05-02,Rilee Rossouw,8,6,2,0,133.33,South Africa,1989-10-09,DC,Ahmedabad,2023
2023-05-02,Manish Pandey,1,4,0,0,25.00,India,1989-09-10,DC,Ahmedabad,2023
2023-05-02,Axar Patel,27,30,2,1,90.00,India,1994-01-20,DC,Ahmedabad,2023
2023-05-02,Aman Hakim Khan,51,44,3,3,115.91,India,1996-11-23,DC,Ahmedabad,2023
2023-05-02,Ripal Patel,23,13,2,1,176.92,India,1995-09-28,DC,Ahmedabad,2023
2023-05-02,Anrich Nortje,3,6,0,0,50.00,South Africa,1993-11-16,DC,Ahmedabad,2023
2023-05-02,Kuldeep Yadav,0,1,0,0,0.00,India,1994-12-14,DC,Ahmedabad,2023
2023-05-02,Wriddhiman Saha,0,6,0,0,0.00,India,1984-10-24,GT,Ahmedabad,2023
2023-05-02,Shubman Gill,6,7,1,0,85.71,India,1999-09-08,GT,Ahmedabad,2023
2023-05-02,Hardik Pandya,59,53,7,0,111.32,India,1993-10-11,GT,Ahmedabad,2023
2023-05-02,Vijay Shankar,6,9,1,0,66.67,India,1991-01-26,GT,Ahmedabad,2023
2023-05-02,David Miller,0,3,0,0,0.00,South Africa,1989-06-10,GT,Ahmedabad,2023
2023-05-02,Abhinav Manohar,26,33,0,1,78.79,India,1994-09-16,GT,Ahmedabad,2023
2023-05-02,Rahul Tewatia,20,7,0,3,285.71,India,1993-05-20,GT,Ahmedabad,2023
2023-05-02,Rashid Khan,3,2,0,0,150.00,Afghanistan,1998-09-20,GT,Ahmedabad,2023
2023-05-03,Prabhsimran Singh,9,7,1,0,128.57,India,2000-08-10,PK,Mohali,2023
2023-05-03,Shikhar Dhawan,30,20,5,0,150.00,India,1985-12-05,PK,Mohali,2023
2023-05-03,Matthew Short,27,26,2,1,103.85,Australia,1995-11-08,PK,Mohali,2023
2023-05-03,Liam Livingstone,82,42,7,4,195.24,England,1993-08-04,PK,Mohali,2023
2023-05-03,Jitesh Sharma,49,27,5,2,181.48,India,1993-10-22,PK,Mohali,2023
2023-05-03,Rohit Sharma,0,3,0,0,0.00,India,1987-04-30,MI,Mohali,2023
2023-05-03,Ishan Kishan,75,41,7,4,182.93,India,1998-07-18,MI,Mohali,2023
2023-05-03,Cameron Green,23,18,4,0,127.78,Australia,1999-06-03,MI,Mohali,2023
2023-05-03,Suryakumar Yadav,66,31,8,2,212.90,India,1990-09-14,MI,Mohali,2023
2023-05-03,Tim David,19,10,3,0,190.00,Australia,1996-03-16,MI,Mohali,2023
2023-05-03,Tilak Varma,26,10,1,3,260.00,India,2002-11-08,MI,Mohali,2023
2023-05-04,Jason Roy,20,19,4,0,105.26,England,1990-07-21,KKR,Hyderabad,2023
2023-05-04,Rahmanullah Gurbaz,0,1,0,0,0.00,Afghanistan,2001-11-28,KKR,Hyderabad,2023
2023-05-04,Venkatesh Iyer,7,4,1,0,175.00,India,1994-12-25,KKR,Hyderabad,2023
2023-05-04,Nitish Rana,42,31,3,3,135.48,India,1993-12-27,KKR,Hyderabad,2023
2023-05-04,Rinku Singh,46,35,4,1,131.43,India,1997-10-12,KKR,Hyderabad,2023
2023-05-04,Andre Russell,24,15,1,2,160.00,West Indies,1988-04-29,KKR,Hyderabad,2023
2023-05-04,Sunil Narine,1,2,0,0,50.00,West Indies,1988-05-26,KKR,Hyderabad,2023
2023-05-04,Shardul Thakur,8,6,1,0,133.33,India,1991-10-16,KKR,Hyderabad,2023
2023-05-04,Anukul Roy,13,7,2,0,185.71,India,1998-11-30,KKR,Hyderabad,2023
2023-05-04,Harshit Rana,0,1,0,0,0.00,India,2001-12-22,KKR,Hyderabad,2023
2023-05-04,Vaibhav Arora,2,1,0,0,200.00,India,1997-12-14,KKR,Hyderabad,2023
2023-05-04,Abhishek Sharma,9,10,1,0,90.00,India,2000-09-04,SH,Hyderabad,2023
2023-05-04,Mayank Agarwal,18,11,2,1,163.64,India,1991-02-16,SH,Hyderabad,2023
2023-05-04,Rahul Tripathi,20,9,3,1,222.22,India,1991-03-02,SH,Hyderabad,2023
2023-05-04,Aiden Markram,41,40,4,0,102.50,South Africa,1994-10-04,SH,Hyderabad,2023
2023-05-04,Harry Brook,0,4,0,0,0.00,England,1999-02-22,SH,Hyderabad,2023
2023-05-04,Heinrich Klaasen,36,20,1,3,180.00,South Africa,1991-07-30,SH,Hyderabad,2023
2023-05-04,Abdul Samad,21,18,3,0,116.67,India,2001-10-28,SH,Hyderabad,2023
2023-05-04,Marco Jansen,1,4,0,0,25.00,South Africa,2000-05-01,SH,Hyderabad,2023
2023-05-04,Bhuvneshwar Kumar,5,5,1,0,100.00,India,1990-02-05,SH,Hyderabad,2023
2023-05-04,Mayank Markande,1,2,0,0,50.00,India,1997-11-11,SH,Hyderabad,2023
2023-05-05,Yashasvi Jaiswal,14,11,1,1,127.27,India,2001-12-28,RR,Jaipur,2023
2023-05-05,Jos Buttler,8,6,2,0,133.33,England,1990-09-08,RR,Jaipur,2023
2023-05-05,Sanju Samson,30,20,3,1,150.00,India,1994-11-11,RR,Jaipur,2023
2023-05-05,Devdutt Padikkal,12,12,1,0,100.00,India,2000-07-07,RR,Jaipur,2023
2023-05-05,Ravichandran Ashwin,2,6,0,0,33.33,India,1986-09-17,RR,Jaipur,2023
2023-05-05,Riyan Parag,4,6,0,0,66.67,India,2001-11-10,RR,Jaipur,2023
2023-05-05,Shimron Hetmyer,7,13,0,0,53.85,West Indies,1996-12-26,RR,Jaipur,2023
2023-05-05,Dhruv Jurel,9,8,1,0,112.50,India,2001-01-21,RR,Jaipur,2023
2023-05-05,Trent Boult,15,11,1,1,136.36,New Zealand,1989-07-22,RR,Jaipur,2023
2023-05-05,Adam Zampa,7,9,0,0,77.78,Australia,1992-03-31,RR,Jaipur,2023
2023-05-05,Sandeep Sharma,2,5,0,0,40.00,India,1993-05-18,RR,Jaipur,2023
2023-05-05,Wriddhiman Saha,41,34,5,0,120.59,India,1984-10-24,GT,Jaipur,2023
2023-05-05,Shubman Gill,36,35,6,0,102.86,India,1999-09-08,GT,Jaipur,2023
2023-05-05,Hardik Pandya,39,15,3,3,260.00,India,1993-10-11,GT,Jaipur,2023
2023-05-06,Cameron Green,6,4,1,0,150.00,Australia,1999-06-03,MI,Chennai,2023
2023-05-06,Ishan Kishan,7,9,1,0,77.78,India,1998-07-18,MI,Chennai,2023
2023-05-06,Rohit Sharma,0,3,0,0,0.00,India,1987-04-30,MI,Chennai,2023
2023-05-06,Nehal Wadhera,64,51,8,1,125.49,India,2000-09-04,MI,Chennai,2023
2023-05-06,Suryakumar Yadav,26,22,3,0,118.18,India,1990-09-14,MI,Chennai,2023
2023-05-06,Tristan Stubbs,20,21,2,0,95.24,South Africa,2000-08-14,MI,Chennai,2023
2023-05-06,Tim David,2,4,0,0,50.00,Australia,1996-03-16,MI,Chennai,2023
2023-05-06,Arshad Khan,1,2,0,0,50.00,India,1997-12-20,MI,Chennai,2023
2023-05-06,Jofra Archer,3,2,0,0,150.00,England,1995-04-01,MI,Chennai,2023
2023-05-06,Piyush Chawla,2,2,0,0,100.00,India,1988-12-24,MI,Chennai,2023
2023-05-06,Ruturaj Gaikwad,30,16,4,2,187.50,India,1997-01-31,CSK,Chennai,2023
2023-05-06,Devon Conway,44,42,4,0,104.76,New Zealand,1991-07-08,CSK,Chennai,2023
2023-05-06,Ajinkya Rahane,21,17,1,1,123.53,India,1988-06-06,CSK,Chennai,2023
2023-05-06,Ambati Rayudu,12,11,0,1,109.09,India,1985-09-23,CSK,Chennai,2023
2023-05-06,Shivam Dube,26,18,0,3,144.44,India,1993-06-26,CSK,Chennai,2023
2023-05-06,MS Dhoni,2,3,0,0,66.67,India,1981-07-07,CSK,Chennai,2023
2023-05-06,Virat Kohli,55,46,5,0,119.57,India,1988-11-05,RCB,Delhi,2023
2023-05-06,Faf du Plessis,45,32,5,1,140.62,South Africa,1984-07-13,RCB,Delhi,2023
2023-05-06,Glenn Maxwell,0,1,0,0,0.00,Australia,1988-10-14,RCB,Delhi,2023
2023-05-06,Mahipal Lomror,54,29,6,3,186.21,India,1999-11-16,RCB,Delhi,2023
2023-05-06,Dinesh Karthik,11,9,0,1,122.22,India,1985-06-01,RCB,Delhi,2023
2023-05-06,Anuj Rawat,8,3,0,1,266.67,India,1999-10-17,RCB,Delhi,2023
2023-05-06,David Warner,22,14,3,1,157.14,Australia,1986-10-27,DC,Delhi,2023
2023-05-06,Philip Salt,87,45,8,6,193.33,England,1996-08-28,DC,Delhi,2023
2023-05-06,Mitchell Marsh,26,17,3,1,152.94,Australia,1991-10-20,DC,Delhi,2023
2023-05-06,Rilee Rossouw,35,22,1,3,159.09,South Africa,1989-10-09,DC,Delhi,2023
2023-05-06,Axar Patel,8,3,0,1,266.67,India,1994-01-20,DC,Delhi,2023
2023-05-07,Wriddhiman Saha,81,43,10,4,188.37,India,1984-10-24,GT,Ahmedabad,2023
2023-05-07,Shubman Gill,94,51,2,7,184.31,India,1999-09-08,GT,Ahmedabad,2023
2023-05-07,Hardik Pandya,25,15,1,2,166.67,India,1993-10-11,GT,Ahmedabad,2023
2023-05-07,David Miller,21,12,2,1,175.00,South Africa,1989-06-10,GT,Ahmedabad,2023
2023-05-07,Kyle Mayers,48,32,7,2,150.00,West Indies,1992-09-08,LSG,Ahmedabad,2023
2023-05-07,Quinton de Kock,70,41,7,3,170.73,South Africa,1992-12-17,LSG,Ahmedabad,2023
2023-05-07,Deepak Hooda,11,11,0,0,100.00,India,1995-04-19,LSG,Ahmedabad,2023
2023-05-07,Marcus Stoinis,4,9,0,0,44.44,Australia,1989-08-16,LSG,Ahmedabad,2023
2023-05-07,Nicholas Pooran,3,6,0,0,50.00,West Indies,1995-10-02,LSG,Ahmedabad,2023
2023-05-07,Ayush Badoni,21,11,1,2,190.91,India,1999-12-03,LSG,Ahmedabad,2023
2023-05-07,Swapnil Singh,2,4,0,0,50.00,India,1991-01-22,LSG,Ahmedabad,2023
2023-05-07,Krunal Pandya,0,1,0,0,0.00,India,1991-03-24,LSG,Ahmedabad,2023
2023-05-07,Ravi Bishnoi,4,5,1,0,80.00,India,2000-09-05,LSG,Ahmedabad,2023
2023-05-07,Yashasvi Jaiswal,35,18,5,2,194.44,India,2001-12-28,RR,Jaipur,2023
2023-05-07,Jos Buttler,95,59,10,4,161.02,England,1990-09-08,RR,Jaipur,2023
2023-05-07,Sanju Samson,66,38,4,5,173.68,India,1994-11-11,RR,Jaipur,2023
2023-05-07,Shimron Hetmyer,7,5,0,0,140.00,West Indies,1996-12-26,RR,Jaipur,2023
2023-05-07,Anmolpreet Singh,33,25,4,1,132.00,India,1998-03-28,SH,Jaipur,2023
2023-05-07,Abhishek Sharma,55,34,5,2,161.76,India,2000-09-04,SH,Jaipur,2023
2023-05-07,Rahul Tripathi,47,29,2,3,162.07,India,1991-03-02,SH,Jaipur,2023
2023-05-07,Heinrich Klaasen,26,12,2,2,216.67,South Africa,1991-07-30,SH,Jaipur,2023
2023-05-07,Aiden Markram,6,5,1,0,120.00,South Africa,1994-10-04,SH,Jaipur,2023
2023-05-07,Glenn Phillips,25,7,1,3,357.14,New Zealand,1996-12-06,SH,Jaipur,2023
2023-05-07,Abdul Samad,17,7,0,2,242.86,India,2001-10-28,SH,Jaipur,2023
2023-05-07,Marco Jansen,3,2,0,0,150.00,South Africa,2000-05-01,SH,Jaipur,2023
2023-05-08,Prabhsimran Singh,12,8,3,0,150.00,India,2000-08-10,PK,Kolkata,2023
2023-05-08,Shikhar Dhawan,57,47,9,1,121.28,India,1985-12-05,PK,Kolkata,2023
2023-05-08,Bhanuka Rajapaksa,0,3,0,0,0.00,Sri Lanka,1991-10-24,PK,Kolkata,2023
2023-05-08,Liam Livingstone,15,9,3,0,166.67,England,1993-08-04,PK,Kolkata,2023
2023-05-08,Jitesh Sharma,21,18,0,2,116.67,India,1993-10-22,PK,Kolkata,2023
2023-05-08,Sam Curran,4,9,0,0,44.44,England,1998-06-03,PK,Kolkata,2023
2023-05-08,Rishi Dhawan,19,11,1,1,172.73,India,1990-02-19,PK,Kolkata,2023
2023-05-08,Shahrukh Khan,21,8,3,1,262.50,India,1995-05-27,PK,Kolkata,2023
2023-05-08,Harpreet Brar,17,9,2,1,188.89,India,1995-09-16,PK,Kolkata,2023
2023-05-08,Jason Roy,38,24,8,0,158.33,England,1990-07-21,KKR,Kolkata,2023
2023-05-08,Rahmanullah Gurbaz,15,12,1,1,125.00,Afghanistan,2001-11-28,KKR,Kolkata,2023
2023-05-08,Nitish Rana,51,38,6,1,134.21,India,1993-12-27,KKR,Kolkata,2023
2023-05-08,Venkatesh Iyer,11,13,0,0,84.62,India,1994-12-25,KKR,Kolkata,2023
2023-05-08,Andre Russell,42,23,3,3,182.61,West Indies,1988-04-29,KKR,Kolkata,2023
2023-05-08,Rinku Singh,21,10,2,1,210.00,India,1997-10-12,KKR,Kolkata,2023
2023-05-08,Shardul Thakur,0,0,0,0,0.00,India,1991-10-16,KKR,Kolkata,2023
2023-05-09,Virat Kohli,1,4,0,0,25.00,India,1988-11-05,RCB,Mumbai,2023
2023-05-09,Faf du Plessis,65,41,5,3,158.54,South Africa,1984-07-13,RCB,Mumbai,2023
2023-05-09,Anuj Rawat,6,4,1,0,150.00,India,1999-10-17,RCB,Mumbai,2023
2023-05-09,Glenn Maxwell,68,33,8,4,206.06,Australia,1988-10-14,RCB,Mumbai,2023
2023-05-09,Mahipal Lomror,1,3,0,0,33.33,India,1999-11-16,RCB,Mumbai,2023
2023-05-09,Dinesh Karthik,30,18,4,1,166.67,India,1985-06-01,RCB,Mumbai,2023
2023-05-09,Kedar Jadhav,12,10,1,0,120.00,India,1985-03-26,RCB,Mumbai,2023
2023-05-09,Wanindu Hasaranga,12,8,2,0,150.00,Sri Lanka,1997-07-29,RCB,Mumbai,2023
2023-05-09,Ishan Kishan,42,21,4,4,200.00,India,1998-07-18,MI,Mumbai,2023
2023-05-09,Rohit Sharma,7,8,1,0,87.50,India,1987-04-30,MI,Mumbai,2023
2023-05-09,Suryakumar Yadav,83,35,7,6,237.14,India,1990-09-14,MI,Mumbai,2023
2023-05-09,Nehal Wadhera,52,34,4,3,152.94,India,2000-09-04,MI,Mumbai,2023
2023-05-09,Tim David,0,1,0,0,0.00,Australia,1996-03-16,MI,Mumbai,2023
2023-05-09,Cameron Green,2,2,0,0,100.00,Australia,1999-06-03,MI,Mumbai,2023
2023-05-10,Ruturaj Gaikwad,24,18,4,0,133.33,India,1997-01-31,CSK,Chennai,2023
2023-05-10,Devon Conway,10,13,1,0,76.92,New Zealand,1991-07-08,CSK,Chennai,2023
2023-05-10,Ajinkya Rahane,21,20,2,0,105.00,India,1988-06-06,CSK,Chennai,2023
2023-05-10,Moeen Ali,7,12,0,0,58.33,England,1987-06-18,CSK,Chennai,2023
2023-05-10,Shivam Dube,25,12,0,3,208.33,India,1993-06-26,CSK,Chennai,2023
2023-05-10,Ambati Rayudu,23,17,1,1,135.29,India,1985-09-23,CSK,Chennai,2023
2023-05-10,Ravindra Jadeja,21,16,1,1,131.25,India,1988-12-06,CSK,Chennai,2023
2023-05-10,MS Dhoni,20,9,1,2,222.22,India,1981-07-07,CSK,Chennai,2023
2023-05-10,Deepak Chahar,1,2,0,0,50.00,India,1992-08-07,CSK,Chennai,2023
2023-05-10,Tushar Deshpande,0,1,0,0,0.00,India,1995-05-15,CSK,Chennai,2023
2023-05-10,David Warner,0,2,0,0,0.00,Australia,1986-10-27,DC,Chennai,2023
2023-05-10,Philip Salt,17,11,1,2,154.55,England,1996-08-28,DC,Chennai,2023
2023-05-10,Mitchell Marsh,5,4,1,0,125.00,Australia,1991-10-20,DC,Chennai,2023
2023-05-10,Manish Pandey,27,29,1,2,93.10,India,1989-09-10,DC,Chennai,2023
2023-05-10,Rilee Rossouw,35,37,2,1,94.59,South Africa,1989-10-09,DC,Chennai,2023
2023-05-10,Ripal Patel,10,16,0,0,62.50,India,1995-09-28,DC,Chennai,2023
2023-05-10,Axar Patel,21,12,2,1,175.00,India,1994-01-20,DC,Chennai,2023
2023-05-10,Aman Hakim Khan,2,3,0,0,66.67,India,1996-11-23,DC,Chennai,2023
2023-05-10,Lalit Yadav,12,5,3,0,240.00,India,1997-01-03,DC,Chennai,2023
2023-05-10,Kuldeep Yadav,0,1,0,0,0.00,India,1994-12-14,DC,Chennai,2023
2023-05-11,Jason Roy,10,8,2,0,125.00,England,1990-07-21,KKR,Kolkata,2023
2023-05-11,Rahmanullah Gurbaz,18,12,1,2,150.00,Afghanistan,2001-11-28,KKR,Kolkata,2023
2023-05-11,Venkatesh Iyer,57,42,2,4,135.71,India,1994-12-25,KKR,Kolkata,2023
2023-05-11,Nitish Rana,22,17,2,0,129.41,India,1993-12-27,KKR,Kolkata,2023
2023-05-11,Andre Russell,10,10,0,1,100.00,West Indies,1988-04-29,KKR,Kolkata,2023
2023-05-11,Rinku Singh,16,18,0,1,88.89,India,1997-10-12,KKR,Kolkata,2023
2023-05-11,Shardul Thakur,1,2,0,0,50.00,India,1991-10-16,KKR,Kolkata,2023
2023-05-11,Anukul Roy,6,6,0,0,100.00,India,1998-11-30,KKR,Kolkata,2023
2023-05-11,Sunil Narine,6,5,1,0,120.00,West Indies,1988-05-26,KKR,Kolkata,2023
2023-05-11,Yashasvi Jaiswal,98,47,13,5,208.51,India,2001-12-28,RR,Kolkata,2023
2023-05-11,Jos Buttler,0,3,0,0,0.00,England,1990-09-08,RR,Kolkata,2023
2023-05-11,Sanju Samson,48,29,2,5,165.52,India,1994-11-11,RR,Kolkata,2023
2023-05-12,Ishan Kishan,31,20,4,1,155.00,India,1998-07-18,MI,Mumbai,2023
2023-05-12,Rohit Sharma,29,18,3,2,161.11,India,1987-04-30,MI,Mumbai,2023
2023-05-12,Suryakumar Yadav,103,49,11,6,210.20,India,1990-09-14,MI,Mumbai,2023
2023-05-12,Nehal Wadhera,15,7,1,1,214.29,India,2000-09-04,MI,Mumbai,2023
2023-05-12,Vishnu Vinod,30,20,2,2,150.00,India,1993-12-02,MI,Mumbai,2023
2023-05-12,Tim David,5,3,1,0,166.67,Australia,1996-03-16,MI,Mumbai,2023
2023-05-12,Cameron Green,3,3,0,0,100.00,Australia,1999-06-03,MI,Mumbai,2023
2023-05-12,Wriddhiman Saha,2,5,0,0,40.00,India,1984-10-24,GT,Mumbai,2023
2023-05-12,Shubman Gill,6,9,0,0,66.67,India,1999-09-08,GT,Mumbai,2023
2023-05-12,Hardik Pandya,4,3,1,0,133.33,India,1993-10-11,GT,Mumbai,2023
2023-05-12,Vijay Shankar,29,14,6,0,207.14,India,1991-01-26,GT,Mumbai,2023
2023-05-12,David Miller,41,26,4,2,157.69,South Africa,1989-06-10,GT,Mumbai,2023
2023-05-12,Abhinav Manohar,2,3,0,0,66.67,India,1994-09-16,GT,Mumbai,2023
2023-05-12,Rahul Tewatia,14,13,1,0,107.69,India,1993-05-20,GT,Mumbai,2023
2023-05-12,Rashid Khan,79,32,3,10,246.88,Afghanistan,1998-09-20,GT,Mumbai,2023
2023-05-12,Noor Ahmad,1,3,0,0,33.33,Afghanistan,2005-01-03,GT,Mumbai,2023
2023-05-12,Alzarri Joseph,7,12,1,0,58.33,West Indies,1996-11-20,GT,Mumbai,2023
2023-05-13,Anmolpreet Singh,36,27,7,0,133.33,India,1998-03-28,SH,Hyderabad,2023
2023-05-13,Abhishek Sharma,7,5,1,0,140.00,India,2000-09-04,SH,Hyderabad,2023
2023-05-13,Rahul Tripathi,20,13,4,0,153.85,India,1991-03-02,SH,Hyderabad,2023
2023-05-13,Aiden Markram,28,20,2,1,140.00,South Africa,1994-10-04,SH,Hyderabad,2023
2023-05-13,Heinrich Klaasen,47,29,3,3,162.07,South Africa,1991-07-30,SH,Hyderabad,2023
2023-05-13,Glenn Phillips,0,1,0,0,0.00,New Zealand,1996-12-06,SH,Hyderabad,2023
2023-05-13,Abdul Samad,37,25,1,4,148.00,India,2001-10-28,SH,Hyderabad,2023
2023-05-13,Bhuvneshwar Kumar,2,1,0,0,200.00,India,1990-02-05,SH,Hyderabad,2023
2023-05-13,Kyle Mayers,2,14,0,0,14.29,West Indies,1992-09-08,LSG,Hyderabad,2023
2023-05-13,Quinton de Kock,29,19,3,1,152.63,South Africa,1992-12-17,LSG,Hyderabad,2023
2023-05-13,Prerak Mankad,64,45,7,2,142.22,India,1994-04-23,LSG,Hyderabad,2023
2023-05-13,Marcus Stoinis,40,25,2,3,160.00,Australia,1989-08-16,LSG,Hyderabad,2023
2023-05-13,Nicholas Pooran,44,13,3,4,338.46,West Indies,1995-10-02,LSG,Hyderabad,2023
2023-05-13,Prabhsimran Singh,103,65,10,6,158.46,India,2000-08-10,PK,Delhi,2023
2023-05-13,Shikhar Dhawan,7,5,0,1,140.00,India,1985-12-05,PK,Delhi,2023
2023-05-13,Liam Livingstone,4,5,1,0,80.00,England,1993-08-04,PK,Delhi,2023
2023-05-13,Jitesh Sharma,5,5,1,0,100.00,India,1993-10-22,PK,Delhi,2023
2023-05-13,Sam Curran,20,24,1,0,83.33,England,1998-06-03,PK,Delhi,2023
2023-05-13,Harpreet Brar,2,5,0,0,40.00,India,1995-09-16,PK,Delhi,2023
2023-05-13,Shahrukh Khan,2,4,0,0,50.00,India,1995-05-27,PK,Delhi,2023
2023-05-13,Sikandar Raza,11,7,0,1,157.14,Zimbabwe,1986-04-24,PK,Delhi,2023
2023-05-13,Rishi Dhawan,0,0,0,0,0.00,India,1990-02-19,PK,Delhi,2023
2023-05-13,David Warner,54,27,10,1,200.00,Australia,1986-10-27,DC,Delhi,2023
2023-05-13,Philip Salt,21,17,3,0,123.53,England,1996-08-28,DC,Delhi,2023
2023-05-13,Mitchell Marsh,3,4,0,0,75.00,Australia,1991-10-20,DC,Delhi,2023
2023-05-13,Rilee Rossouw,5,5,1,0,100.00,South Africa,1989-10-09,DC,Delhi,2023
2023-05-13,Axar Patel,1,2,0,0,50.00,India,1994-01-20,DC,Delhi,2023
2023-05-13,Manish Pandey,0,3,0,0,0.00,India,1989-09-10,DC,Delhi,2023
2023-05-13,Aman Hakim Khan,16,18,1,1,88.89,India,1996-11-23,DC,Delhi,2023
2023-05-13,Praveen Dubey,16,20,2,0,80.00,India,1993-07-01,DC,Delhi,2023
2023-05-13,Kuldeep Yadav,10,17,0,0,58.82,India,1994-12-14,DC,Delhi,2023
2023-05-13,Mukesh Kumar,6,7,0,0,85.71,India,1993-10-12,DC,Delhi,2023
2023-05-14,Virat Kohli,18,19,1,0,94.74,India,1988-11-05,RCB,Jaipur,2023
2023-05-14,Faf du Plessis,55,44,3,2,125.00,South Africa,1984-07-13,RCB,Jaipur,2023
2023-05-14,Glenn Maxwell,54,33,5,3,163.64,Australia,1988-10-14,RCB,Jaipur,2023
2023-05-14,Mahipal Lomror,1,2,0,0,50.00,India,1999-11-16,RCB,Jaipur,2023
2023-05-14,Dinesh Karthik,0,2,0,0,0.00,India,1985-06-01,RCB,Jaipur,2023
2023-05-14,Michael Bracewell,9,9,0,0,100.00,New Zealand,1991-02-14,RCB,Jaipur,2023
2023-05-14,Anuj Rawat,29,11,3,2,263.64,India,1999-10-17,RCB,Jaipur,2023
2023-05-14,Yashasvi Jaiswal,0,2,0,0,0.00,India,2001-12-28,RR,Jaipur,2023
2023-05-14,Jos Buttler,0,2,0,0,0.00,England,1990-09-08,RR,Jaipur,2023
2023-05-14,Sanju Samson,4,5,1,0,80.00,India,1994-11-11,RR,Jaipur,2023
2023-05-14,Joe Root,10,15,1,0,66.67,England,1990-12-30,RR,Jaipur,2023
2023-05-14,Devdutt Padikkal,4,4,1,0,100.00,India,2000-07-07,RR,Jaipur,2023
2023-05-14,Shimron Hetmyer,35,19,1,4,184.21,West Indies,1996-12-26,RR,Jaipur,2023
2023-05-14,Dhruv Jurel,1,7,0,0,14.29,India,2001-01-21,RR,Jaipur,2023
2023-05-14,Ravichandran Ashwin,0,0,0,0,0.00,India,1986-09-17,RR,Jaipur,2023
2023-05-14,Adam Zampa,2,6,0,0,33.33,Australia,1992-03-31,RR,Jaipur,2023
2023-05-14,Sandeep Sharma,0,1,0,0,0.00,India,1993-05-18,RR,Jaipur,2023
2023-05-14,KM Asif,0,2,0,0,0.00,India,1993-07-24,RR,Jaipur,2023
2023-05-14,Ruturaj Gaikwad,17,13,2,0,130.77,India,1997-01-31,CSK,Chennai,2023
2023-05-14,Devon Conway,30,28,3,0,107.14,New Zealand,1991-07-08,CSK,Chennai,2023
2023-05-14,Ajinkya Rahane,16,11,1,1,145.45,India,1988-06-06,CSK,Chennai,2023
2023-05-14,Ambati Rayudu,4,7,0,0,57.14,India,1985-09-23,CSK,Chennai,2023
2023-05-14,Shivam Dube,48,34,1,3,141.18,India,1993-06-26,CSK,Chennai,2023
2023-05-14,Moeen Ali,1,2,0,0,50.00,England,1987-06-18,CSK,Chennai,2023
2023-05-14,Ravindra Jadeja,20,24,0,1,83.33,India,1988-12-06,CSK,Chennai,2023
2023-05-14,MS Dhoni,2,3,0,0,66.67,India,1981-07-07,CSK,Chennai,2023
2023-05-14,Jason Roy,12,15,1,0,80.00,England,1990-07-21,KKR,Chennai,2023
2023-05-14,Rahmanullah Gurbaz,1,4,0,0,25.00,Afghanistan,2001-11-28,KKR,Chennai,2023
2023-05-14,Venkatesh Iyer,9,4,2,0,225.00,India,1994-12-25,KKR,Chennai,2023
2023-05-14,Nitish Rana,57,44,6,1,129.55,India,1993-12-27,KKR,Chennai,2023
2023-05-14,Rinku Singh,54,43,4,3,125.58,India,1997-10-12,KKR,Chennai,2023
2023-05-14,Andre Russell,2,2,0,0,100.00,West Indies,1988-04-29,KKR,Chennai,2023
2023-05-15,Wriddhiman Saha,0,3,0,0,0.00,India,1984-10-24,GT,Ahmedabad,2023
2023-05-15,Shubman Gill,101,58,13,1,174.14,India,1999-09-08,GT,Ahmedabad,2023
2023-05-15,Sai Sudharsan,47,36,6,1,130.56,India,2001-10-15,GT,Ahmedabad,2023
2023-05-15,Hardik Pandya,8,6,1,0,133.33,India,1993-10-11,GT,Ahmedabad,2023
2023-05-15,David Miller,7,5,1,0,140.00,South Africa,1989-06-10,GT,Ahmedabad,2023
2023-05-15,Rahul Tewatia,3,3,0,0,100.00,India,1993-05-20,GT,Ahmedabad,2023
2023-05-15,Dasun Shanaka,9,7,1,0,128.57,Sri Lanka,1991-09-09,GT,Ahmedabad,2023
2023-05-15,Rashid Khan,0,1,0,0,0.00,Afghanistan,1998-09-20,GT,Ahmedabad,2023
2023-05-15,Noor Ahmad,0,1,0,0,0.00,Afghanistan,2005-01-03,GT,Ahmedabad,2023
2023-05-15,Mohammed Shami,0,1,0,0,0.00,India,1990-09-03,GT,Ahmedabad,2023
2023-05-15,Mohit Sharma,0,1,0,0,0.00,India,1988-09-18,GT,Ahmedabad,2023
2023-05-15,Anmolpreet Singh,5,4,1,0,125.00,India,1998-03-28,SH,Ahmedabad,2023
2023-05-15,Abhishek Sharma,4,5,1,0,80.00,India,2000-09-04,SH,Ahmedabad,2023
2023-05-15,Aiden Markram,10,10,1,0,100.00,South Africa,1994-10-04,SH,Ahmedabad,2023
2023-05-15,Rahul Tripathi,1,2,0,0,50.00,India,1991-03-02,SH,Ahmedabad,2023
2023-05-15,Heinrich Klaasen,64,44,4,3,145.45,South Africa,1991-07-30,SH,Ahmedabad,2023
2023-05-15,Sanvir Singh,7,6,0,1,116.67,India,1996-10-12,SH,Ahmedabad,2023
2023-05-15,Abdul Samad,4,3,1,0,133.33,India,2001-10-28,SH,Ahmedabad,2023
2023-05-15,Marco Jansen,3,6,0,0,50.00,South Africa,2000-05-01,SH,Ahmedabad,2023
2023-05-15,Bhuvneshwar Kumar,27,26,3,0,103.85,India,1990-02-05,SH,Ahmedabad,2023
2023-05-15,Mayank Markande,18,9,2,1,200.00,India,1997-11-11,SH,Ahmedabad,2023
2023-05-15,Fazalhaq Farooqi,1,5,0,0,20.00,Afghanistan,2000-09-22,SH,Ahmedabad,2023
2023-05-16,Deepak Hooda,5,7,0,0,71.43,India,1995-04-19,LSG,Lucknow,2023
2023-05-16,Quinton de Kock,16,15,0,2,106.67,South Africa,1992-12-17,LSG,Lucknow,2023
2023-05-16,Prerak Mankad,0,1,0,0,0.00,India,1994-04-23,LSG,Lucknow,2023
2023-05-16,Krunal Pandya,49,42,1,1,116.67,India,1991-03-24,LSG,Lucknow,2023
2023-05-16,Marcus Stoinis,89,47,4,8,189.36,Australia,1989-08-16,LSG,Lucknow,2023
2023-05-16,Nicholas Pooran,8,8,1,0,100.00,West Indies,1995-10-02,LSG,Lucknow,2023
2023-05-16,Ishan Kishan,59,39,8,1,151.28,India,1998-07-18,MI,Lucknow,2023
2023-05-16,Rohit Sharma,37,25,1,3,148.00,India,1987-04-30,MI,Lucknow,2023
2023-05-16,Suryakumar Yadav,7,9,0,0,77.78,India,1990-09-14,MI,Lucknow,2023
2023-05-16,Nehal Wadhera,16,20,2,0,80.00,India,2000-09-04,MI,Lucknow,2023
2023-05-16,Tim David,32,19,1,3,168.42,Australia,1996-03-16,MI,Lucknow,2023
2023-05-16,Vishnu Vinod,2,4,0,0,50.00,India,1993-12-02,MI,Lucknow,2023
2023-05-16,Cameron Green,4,6,0,0,66.67,Australia,1999-06-03,MI,Lucknow,2023
2023-05-17,David Warner,46,31,5,2,148.39,Australia,1986-10-27,DC,Dharamsala,2023
2023-05-17,Prithvi Shaw,54,38,7,1,142.11,India,1999-11-09,DC,Dharamsala,2023
2023-05-17,Rilee Rossouw,82,37,6,6,221.62,South Africa,1989-10-09,DC,Dharamsala,2023
2023-05-17,Philip Salt,26,14,2,2,185.71,England,1996-08-28,DC,Dharamsala,2023
2023-05-17,Prabhsimran Singh,22,19,4,0,115.79,India,2000-08-10,PK,Dharamsala,2023
2023-05-17,Shikhar Dhawan,0,1,0,0,0.00,India,1985-12-05,PK,Dharamsala,2023
2023-05-17,Atharva Taide,55,42,5,2,130.95,India,2000-04-26,PK,Dharamsala,2023
2023-05-17,Liam Livingstone,94,48,5,9,195.83,England,1993-08-04,PK,Dharamsala,2023
2023-05-17,Jitesh Sharma,0,3,0,0,0.00,India,1993-10-22,PK,Dharamsala,2023
2023-05-17,Shahrukh Khan,6,3,0,1,200.00,India,1995-05-27,PK,Dharamsala,2023
2023-05-17,Sam Curran,11,5,1,1,220.00,England,1998-06-03,PK,Dharamsala,2023
2023-05-17,Harpreet Brar,0,1,0,0,0.00,India,1995-09-16,PK,Dharamsala,2023
2023-05-17,Rahul Chahar,0,0,0,0,0.00,India,1999-08-04,PK,Dharamsala,2023
2023-05-18,Abhishek Sharma,11,14,2,0,78.57,India,2000-09-04,SH,Hyderabad,2023
2023-05-18,Rahul Tripathi,15,12,2,1,125.00,India,1991-03-02,SH,Hyderabad,2023
2023-05-18,Aiden Markram,18,20,0,0,90.00,South Africa,1994-10-04,SH,Hyderabad,2023
2023-05-18,Heinrich Klaasen,104,51,8,6,203.92,South Africa,1991-07-30,SH,Hyderabad,2023
2023-05-18,Harry Brook,27,19,2,1,142.11,England,1999-02-22,SH,Hyderabad,2023
2023-05-18,Glenn Phillips,5,4,1,0,125.00,New Zealand,1996-12-06,SH,Hyderabad,2023
2023-05-18,Virat Kohli,100,63,12,4,158.73,India,1988-11-05,RCB,Hyderabad,2023
2023-05-18,Faf du Plessis,71,47,7,2,151.06,South Africa,1984-07-13,RCB,Hyderabad,2023
2023-05-18,Glenn Maxwell,5,3,1,0,166.67,Australia,1988-10-14,RCB,Hyderabad,2023
2023-05-18,Michael Bracewell,4,4,0,0,100.00,New Zealand,1991-02-14,RCB,Hyderabad,2023
2023-05-19,Prabhsimran Singh,2,2,0,0,100.00,India,2000-08-10,PK,Dharamsala,2023
2023-05-19,Shikhar Dhawan,17,12,2,1,141.67,India,1985-12-05,PK,Dharamsala,2023
2023-05-19,Atharva Taide,19,12,3,1,158.33,India,2000-04-26,PK,Dharamsala,2023
2023-05-19,Liam Livingstone,9,13,1,0,69.23,England,1993-08-04,PK,Dharamsala,2023
2023-05-19,Sam Curran,49,31,4,2,158.06,England,1998-06-03,PK,Dharamsala,2023
2023-05-19,Jitesh Sharma,44,28,3,3,157.14,India,1993-10-22,PK,Dharamsala,2023
2023-05-19,Shahrukh Khan,41,23,4,2,178.26,India,1995-05-27,PK,Dharamsala,2023
2023-05-19,Yashasvi Jaiswal,50,36,8,0,138.89,India,2001-12-28,RR,Dharamsala,2023
2023-05-19,Jos Buttler,0,4,0,0,0.00,England,1990-09-08,RR,Dharamsala,2023
2023-05-19,Devdutt Padikkal,51,30,5,3,170.00,India,2000-07-07,RR,Dharamsala,2023
2023-05-19,Sanju Samson,2,3,0,0,66.67,India,1994-11-11,RR,Dharamsala,2023
2023-05-19,Shimron Hetmyer,46,28,4,3,164.29,West Indies,1996-12-26,RR,Dharamsala,2023
2023-05-19,Riyan Parag,20,12,1,2,166.67,India,2001-11-10,RR,Dharamsala,2023
2023-05-19,Dhruv Jurel,10,4,0,1,250.00,India,2001-01-21,RR,Dharamsala,2023
2023-05-19,Trent Boult,1,2,0,0,50.00,New Zealand,1989-07-22,RR,Dharamsala,2023
2023-05-20,Ruturaj Gaikwad,79,50,3,7,158.00,India,1997-01-31,CSK,Delhi,2023
2023-05-20,Devon Conway,87,52,11,3,167.31,New Zealand,1991-07-08,CSK,Delhi,2023
2023-05-20,Shivam Dube,22,9,0,3,244.44,India,1993-06-26,CSK,Delhi,2023
2023-05-20,MS Dhoni,5,4,0,0,125.00,India,1981-07-07,CSK,Delhi,2023
2023-05-20,Ravindra Jadeja,20,7,3,1,285.71,India,1988-12-06,CSK,Delhi,2023
2023-05-20,Prithvi Shaw,5,7,1,0,71.43,India,1999-11-09,DC,Delhi,2023
2023-05-20,David Warner,86,58,7,5,148.28,Australia,1986-10-27,DC,Delhi,2023
2023-05-20,Philip Salt,3,6,0,0,50.00,England,1996-08-28,DC,Delhi,2023
2023-05-20,Rilee Rossouw,0,1,0,0,0.00,South Africa,1989-10-09,DC,Delhi,2023
2023-05-20,Yash Dhull,13,15,1,0,86.67,India,2002-11-11,DC,Delhi,2023
2023-05-20,Axar Patel,15,8,1,1,187.50,India,1994-01-20,DC,Delhi,2023
2023-05-20,Aman Hakim Khan,7,9,1,0,77.78,India,1996-11-23,DC,Delhi,2023
2023-05-20,Lalit Yadav,6,12,0,0,50.00,India,1997-01-03,DC,Delhi,2023
2023-05-20,Anrich Nortje,0,1,0,0,0.00,South Africa,1993-11-16,DC,Delhi,2023
2023-05-20,Kuldeep Yadav,0,1,0,0,0.00,India,1994-12-14,DC,Delhi,2023
2023-05-20,Chetan Sakariya,0,2,0,0,0.00,India,1998-02-28,DC,Delhi,2023
2023-05-20,Karan Sharma,3,5,0,0,60.00,India,1998-10-31,LSG,Kolkata,2023
2023-05-20,Quinton de Kock,28,27,0,2,103.70,South Africa,1992-12-17,LSG,Kolkata,2023
2023-05-20,Prerak Mankad,26,20,5,0,130.00,India,1994-04-23,LSG,Kolkata,2023
2023-05-20,Marcus Stoinis,0,2,0,0,0.00,Australia,1989-08-16,LSG,Kolkata,2023
2023-05-20,Krunal Pandya,9,8,0,1,112.50,India,1991-03-24,LSG,Kolkata,2023
2023-05-20,Ayush Badoni,25,21,2,1,119.05,India,1999-12-03,LSG,Kolkata,2023
2023-05-20,Nicholas Pooran,58,30,4,5,193.33,West Indies,1995-10-02,LSG,Kolkata,2023
2023-05-20,Krishnappa Gowtham,11,4,1,1,275.00,India,1988-10-20,LSG,Kolkata,2023
2023-05-20,Ravi Bishnoi,2,2,0,0,100.00,India,2000-09-05,LSG,Kolkata,2023
2023-05-20,Naveen-ul-Haq,2,3,0,0,66.67,Afghanistan,1999-09-23,LSG,Kolkata,2023
2023-05-20,Jason Roy,45,28,7,1,160.71,England,1990-07-21,KKR,Kolkata,2023
2023-05-20,Venkatesh Iyer,24,15,3,1,160.00,India,1994-12-25,KKR,Kolkata,2023
2023-05-20,Nitish Rana,8,10,1,0,80.00,India,1993-12-27,KKR,Kolkata,2023
2023-05-20,Rahmanullah Gurbaz,10,15,0,0,66.67,Afghanistan,2001-11-28,KKR,Kolkata,2023
2023-05-20,Rinku Singh,67,33,6,4,203.03,India,1997-10-12,KKR,Kolkata,2023
2023-05-20,Andre Russell,7,9,0,1,77.78,West Indies,1988-04-29,KKR,Kolkata,2023
2023-05-20,Shardul Thakur,3,7,0,0,42.86,India,1991-10-16,KKR,Kolkata,2023
2023-05-20,Sunil Narine,1,2,0,0,50.00,West Indies,1988-05-26,KKR,Kolkata,2023
2023-05-20,Vaibhav Arora,1,1,0,0,100.00,India,1997-12-14,KKR,Kolkata,2023
2023-05-21,Vivrant Sharma,69,47,9,2,146.81,India,1999-10-30,SH,Mumbai,2023
2023-05-21,Mayank Agarwal,83,46,8,4,180.43,India,1991-02-16,SH,Mumbai,2023
2023-05-21,Heinrich Klaasen,18,13,2,0,138.46,South Africa,1991-07-30,SH,Mumbai,2023
2023-05-21,Glenn Phillips,1,4,0,0,25.00,New Zealand,1996-12-06,SH,Mumbai,2023
2023-05-21,Aiden Markram,13,7,0,1,185.71,South Africa,1994-10-04,SH,Mumbai,2023
2023-05-21,Harry Brook,0,1,0,0,0.00,England,1999-02-22,SH,Mumbai,2023
2023-05-21,Sanvir Singh,4,3,1,0,133.33,India,1996-10-12,SH,Mumbai,2023
2023-05-21,Ishan Kishan,14,12,1,1,116.67,India,1998-07-18,MI,Mumbai,2023
2023-05-21,Rohit Sharma,56,37,8,1,151.35,India,1987-04-30,MI,Mumbai,2023
2023-05-21,Cameron Green,100,47,8,8,212.77,Australia,1999-06-03,MI,Mumbai,2023
2023-05-21,Suryakumar Yadav,25,16,4,0,156.25,India,1990-09-14,MI,Mumbai,2023
2023-05-21,Virat Kohli,101,61,13,1,165.57,India,1988-11-05,RCB,Bengaluru,2023
2023-05-21,Faf du Plessis,28,19,5,0,147.37,South Africa,1984-07-13,RCB,Bengaluru,2023
2023-05-21,Glenn Maxwell,11,5,1,1,220.00,Australia,1988-10-14,RCB,Bengaluru,2023
2023-05-21,Mahipal Lomror,1,3,0,0,33.33,India,1999-11-16,RCB,Bengaluru,2023
2023-05-21,Michael Bracewell,26,16,5,0,162.50,New Zealand,1991-02-14,RCB,Bengaluru,2023
2023-05-21,Dinesh Karthik,0,1,0,0,0.00,India,1985-06-01,RCB,Bengaluru,2023
2023-05-21,Anuj Rawat,23,15,1,1,153.33,India,1999-10-17,RCB,Bengaluru,2023
2023-05-21,Wriddhiman Saha,12,14,2,0,85.71,India,1984-10-24,GT,Bengaluru,2023
2023-05-21,Shubman Gill,104,52,5,8,200.00,India,1999-09-08,GT,Bengaluru,2023
2023-05-21,Vijay Shankar,53,35,7,2,151.43,India,1991-01-26,GT,Bengaluru,2023
2023-05-21,Dasun Shanaka,0,3,0,0,0.00,Sri Lanka,1991-09-09,GT,Bengaluru,2023
2023-05-21,David Miller,6,7,1,0,85.71,South Africa,1989-06-10,GT,Bengaluru,2023
2023-05-21,Rahul Tewatia,4,5,0,0,80.00,India,1993-05-20,GT,Bengaluru,2023
2023-05-23,Ruturaj Gaikwad,60,44,7,1,136.36,India,1997-01-31,CSK,Chennai,2023
2023-05-23,Devon Conway,40,34,4,0,117.65,New Zealand,1991-07-08,CSK,Chennai,2023
2023-05-23,Shivam Dube,1,3,0,0,33.33,India,1993-06-26,CSK,Chennai,2023
2023-05-23,Ajinkya Rahane,17,10,0,1,170.00,India,1988-06-06,CSK,Chennai,2023
2023-05-23,Ambati Rayudu,17,9,1,1,188.89,India,1985-09-23,CSK,Chennai,2023
2023-05-23,Ravindra Jadeja,22,16,2,0,137.50,India,1988-12-06,CSK,Chennai,2023
2023-05-23,MS Dhoni,1,2,0,0,50.00,India,1981-07-07,CSK,Chennai,2023
2023-05-23,Moeen Ali,9,4,0,1,225.00,England,1987-06-18,CSK,Chennai,2023
2023-05-23,Wriddhiman Saha,12,11,2,0,109.09,India,1984-10-24,GT,Chennai,2023
2023-05-23,Shubman Gill,42,38,4,1,110.53,India,1999-09-08,GT,Chennai,2023
2023-05-23,Hardik Pandya,8,7,1,0,114.29,India,1993-10-11,GT,Chennai,2023
2023-05-23,Dasun Shanaka,17,16,1,1,106.25,Sri Lanka,1991-09-09,GT,Chennai,2023
2023-05-23,David Miller,4,6,0,0,66.67,South Africa,1989-06-10,GT,Chennai,2023
2023-05-23,Vijay Shankar,14,10,0,1,140.00,India,1991-01-26,GT,Chennai,2023
2023-05-23,Rahul Tewatia,3,5,0,0,60.00,India,1993-05-20,GT,Chennai,2023
2023-05-23,Rashid Khan,30,16,3,2,187.50,Afghanistan,1998-09-20,GT,Chennai,2023
2023-05-23,Darshan Nalkande,0,1,0,0,0.00,India,1998-10-04,GT,Chennai,2023
2023-05-23,Noor Ahmad,7,5,1,0,140.00,Afghanistan,2005-01-03,GT,Chennai,2023
2023-05-23,Mohammed Shami,5,5,1,0,100.00,India,1990-09-03,GT,Chennai,2023
2023-05-24,Ishan Kishan,15,12,3,0,125.00,India,1998-07-18,MI,Chennai,2023
2023-05-24,Rohit Sharma,11,10,1,1,110.00,India,1987-04-30,MI,Chennai,2023
2023-05-24,Cameron Green,41,23,6,1,178.26,Australia,1999-06-03,MI,Chennai,2023
2023-05-24,Suryakumar Yadav,33,20,2,2,165.00,India,1990-09-14,MI,Chennai,2023
2023-05-24,Tilak Varma,26,22,0,2,118.18,India,2002-11-08,MI,Chennai,2023
2023-05-24,Tim David,13,13,1,0,100.00,Australia,1996-03-16,MI,Chennai,2023
2023-05-24,Nehal Wadhera,23,12,2,2,191.67,India,2000-09-04,MI,Chennai,2023
2023-05-24,Chris Jordan,4,7,0,0,57.14,England,1988-10-04,MI,Chennai,2023
2023-05-24,Hrithik Shokeen,0,1,0,0,0.00,India,2000-08-14,MI,Chennai,2023
2023-05-24,Kyle Mayers,18,13,3,0,138.46,West Indies,1992-09-08,LSG,Chennai,2023
2023-05-24,Prerak Mankad,3,6,0,0,50.00,India,1994-04-23,LSG,Chennai,2023
2023-05-24,Krunal Pandya,8,11,1,0,72.73,India,1991-03-24,LSG,Chennai,2023
2023-05-24,Marcus Stoinis,40,27,5,1,148.15,Australia,1989-08-16,LSG,Chennai,2023
2023-05-24,Ayush Badoni,1,7,0,0,14.29,India,1999-12-03,LSG,Chennai,2023
2023-05-24,Nicholas Pooran,0,1,0,0,0.00,West Indies,1995-10-02,LSG,Chennai,2023
2023-05-24,Deepak Hooda,15,13,0,1,115.38,India,1995-04-19,LSG,Chennai,2023
2023-05-24,Krishnappa Gowtham,2,3,0,0,66.67,India,1988-10-20,LSG,Chennai,2023
2023-05-24,Ravi Bishnoi,3,6,0,0,50.00,India,2000-09-05,LSG,Chennai,2023
2023-05-24,Naveen-ul-Haq,1,5,0,0,20.00,Afghanistan,1999-09-23,LSG,Chennai,2023
2023-05-24,Mohsin Khan,0,7,0,0,0.00,India,1998-07-15,LSG,Chennai,2023
2023-05-26,Wriddhiman Saha,18,16,3,0,112.50,India,1984-10-24,GT,Ahmedabad,2023
2023-05-26,Shubman Gill,129,60,7,10,215.00,India,1999-09-08,GT,Ahmedabad,2023
2023-05-26,Sai Sudharsan,43,31,5,1,138.71,India,2001-10-15,GT,Ahmedabad,2023
2023-05-26,Hardik Pandya,28,13,2,2,215.38,India,1993-10-11,GT,Ahmedabad,2023
2023-05-26,Rashid Khan,5,2,1,0,250.00,Afghanistan,1998-09-20,GT,Ahmedabad,2023
2023-05-26,Rohit Sharma,8,7,1,0,114.29,India,1987-04-30,MI,Ahmedabad,2023
2023-05-26,Nehal Wadhera,4,3,1,0,133.33,India,2000-09-04,MI,Ahmedabad,2023
2023-05-26,Cameron Green,30,20,2,2,150.00,Australia,1999-06-03,MI,Ahmedabad,2023
2023-05-26,Suryakumar Yadav,61,38,7,2,160.53,India,1990-09-14,MI,Ahmedabad,2023
2023-05-26,Tilak Varma,43,14,5,3,307.14,India,2002-11-08,MI,Ahmedabad,2023
2023-05-26,Vishnu Vinod,5,7,0,0,71.43,India,1993-12-02,MI,Ahmedabad,2023
2023-05-26,Tim David,2,3,0,0,66.67,Australia,1996-03-16,MI,Ahmedabad,2023
2023-05-26,Chris Jordan,2,5,0,0,40.00,England,1988-10-04,MI,Ahmedabad,2023
2023-05-26,Piyush Chawla,0,2,0,0,0.00,India,1988-12-24,MI,Ahmedabad,2023
2023-05-26,Kumar Kartikeya,6,7,1,0,85.71,India,1997-12-26,MI,Ahmedabad,2023
2023-05-26,Jason Behrendorff,3,5,0,0,60.00,Australia,1990-04-20,MI,Ahmedabad,2023
2023-05-29,Wriddhiman Saha,54,39,5,1,138.46,India,1984-10-24,GT,Ahmedabad,2023
2023-05-29,Shubman Gill,39,20,7,0,195.00,India,1999-09-08,GT,Ahmedabad,2023
2023-05-29,Sai Sudharsan,96,47,8,6,204.26,India,2001-10-15,GT,Ahmedabad,2023
2023-05-29,Hardik Pandya,21,12,0,2,175.00,India,1993-10-11,GT,Ahmedabad,2023
2023-05-29,Rashid Khan,0,2,0,0,0.00,Afghanistan,1998-09-20,GT,Ahmedabad,2023
2023-05-29,Ruturaj Gaikwad,26,16,3,1,162.50,India,1997-01-31,CSK,Ahmedabad,2023
2023-05-29,Devon Conway,47,25,4,2,188.00,New Zealand,1991-07-08,CSK,Ahmedabad,2023
2023-05-29,Shivam Dube,32,21,0,2,152.38,India,1993-06-26,CSK,Ahmedabad,2023
2023-05-29,Ajinkya Rahane,27,13,2,2,207.69,India,1988-06-06,CSK,Ahmedabad,2023
2023-05-29,Ambati Rayudu,19,8,1,2,237.50,India,1985-09-23,CSK,Ahmedabad,2023
2023-05-29,MS Dhoni,0,1,0,0,0.00,India,1981-07-07,CSK,Ahmedabad,2023
2023-05-29,Ravindra Jadeja,15,6,1,1,250.00,India,1988-12-06,CSK,Ahmedabad,2023
